TRUCK NO,T_Date,Time,PayLoad,Loading Time,Hauling Time,Stop Dump Time,Return Time,Return Stop Time,Total Time,Haul Travel Distance,Return Travel Distance,Total Distance,MaxHaul Speed,AvgHaul Speed,MaxReturn Speed,AvgReturn Speed,Uploaded By
60611,01/08/2026,01:24:50,56.50,5:41,6:36,000:19,7:23,000:00,019:59,1.77,1.79,3.56,29.54,16.58,27.90,16.67,
60611,01/08/2026,01:44:49,53.00,2:20,6:29,000:17,8:12,007:10,024:28,1.78,1.80,3.58,27.57,16.87,28.28,15.17,
60611,01/08/2026,02:09:17,49.50,3:03,6:34,000:40,7:16,000:12,017:45,1.75,1.78,3.53,25.88,16.72,28.28,15.38,
60611,01/08/2026,02:27:02,58.00,2:50,6:03,000:25,8:07,001:14,018:39,1.77,1.80,3.57,27.63,17.96,27.90,15.07,
60611,01/08/2026,02:45:41,54.50,3:37,8:20,000:52,6:29,000:20,019:38,1.82,1.79,3.61,24.73,14.23,31.95,17.99,
60611,01/08/2026,03:05:19,56.00,2:42,6:21,001:08,11:56,005:36,027:43,1.76,1.79,3.55,29.87,17.43,26.15,10.74,
60611,01/08/2026,04:30:04,52.50,2:13,6:39,000:18,6:13,000:00,015:23,1.71,1.70,3.41,28.17,16.44,28.12,18.21,
60611,01/08/2026,04:45:27,52.00,1:38,5:26,000:18,5:43,000:00,013:05,1.70,1.67,3.37,30.58,19.67,28.12,18.15,
60611,01/08/2026,04:58:32,53.50,2:32,5:54,000:18,4:54,000:38,014:16,1.67,1.39,3.06,31.07,17.35,33.86,18.63,
60611,01/08/2026,05:12:48,56.00,3:02,5:50,000:18,5:33,001:50,016:33,1.42,1.41,2.83,25.88,15.14,27.02,16.35,
60611,01/08/2026,05:29:21,55.50,4:06,5:58,000:17,9:41,003:04,071:06,1.42,15.79,17.21,20.18,14.68,30.42,16.77,
60611,01/08/2026,08:38:47,54.50,1:46,4:43,000:22,3:23,002:41,012:55,0.74,0.73,1.47,20.79,9.81,23.79,14.24,
60611,01/08/2026,08:51:42,44.50,1:49,3:09,000:26,3:42,001:33,010:39,0.71,0.73,1.44,20.30,14.20,24.07,12.84,
60611,01/08/2026,09:02:21,48.50,1:34,5:18,000:23,6:05,000:29,013:49,0.73,1.39,2.12,17.61,8.95,27.74,17.45,
60611,01/08/2026,09:16:10,63.00,3:16,5:56,000:41,7:04,001:01,017:58,1.41,1.46,2.87,25.00,14.78,31.95,16.50,
60611,01/08/2026,09:34:08,59.50,3:11,5:00,000:27,5:32,000:00,014:10,1.43,1.38,2.81,25.11,17.89,26.97,17.48,
60611,01/08/2026,09:48:18,55.50,3:31,5:41,000:39,5:01,000:00,014:52,1.40,1.37,2.77,25.16,15.32,27.08,19.04,
60611,01/08/2026,10:03:10,57.00,3:54,5:44,000:29,4:52,000:00,014:59,1.40,1.39,2.79,24.13,15.09,27.90,18.34,
60611,01/08/2026,10:18:09,62.00,4:07,4:56,000:59,11:08,003:17,024:27,1.44,1.95,3.39,26.70,18.06,31.73,11.96,
60611,02/08/2026,01:42:14,55.50,2:39,9:19,015:51,8:12,003:53,039:54,1.75,1.73,3.48,26.86,12.17,25.33,13.24,
60611,02/08/2026,02:22:08,57.50,3:12,7:01,001:06,1:09,025:14,061:42,1.75,3.80,5.55,25.27,15.50,25.77,10.47,
60611,02/08/2026,04:27:36,59.00,1:54,8:39,004:30,7:12,004:18,026:33,1.74,1.71,3.45,24.89,12.74,28.39,14.84,
60611,02/08/2026,04:54:09,59.00,2:44,9:30,004:31,8:12,000:00,024:57,1.81,1.75,3.56,23.47,12.86,23.69,13.31,
60611,02/08/2026,05:19:06,57.50,2:07,8:39,005:59,8:29,000:32,025:46,1.76,1.50,3.26,30.58,13.25,35.18,11.95,
60611,02/08/2026,08:51:27,48.00,2:48,7:37,001:19,6:24,000:01,018:09,1.47,1.46,2.93,26.75,13.45,25.11,14.69,
60611,02/08/2026,09:09:36,50.50,2:45,7:03,001:17,12:05,007:15,030:25,1.47,1.85,3.32,23.58,13.96,27.14,13.65,
60611,02/08/2026,09:40:01,47.50,2:16,12:23,003:30,8:26,000:27,027:02,1.83,1.84,3.67,16.52,9.20,24.07,13.54,
60611,02/08/2026,10:07:03,54.00,2:10,9:43,002:10,8:48,000:00,022:51,1.87,1.82,3.69,18.54,12.34,20.46,13.70,
60611,02/08/2026,10:29:54,57.50,2:51,9:58,003:25,3:40,008:25,076:19,1.86,11.60,13.46,17.78,11.88,36.11,15.38,
60611,03/08/2026,08:40:13,48.00,10:39,15:04,000:46,13:28,004:46,044:43,3.74,3.71,7.45,23.41,15.32,26.70,16.84,
60611,03/08/2026,09:24:56,59.00,10:16,15:30,001:35,14:45,006:27,048:33,3.77,3.78,7.55,25.44,15.10,22.48,15.96,
60611,03/08/2026,10:13:29,52.50,8:41,13:44,5:21,9:54,004:15,20:03,3.76,1.76,5.52,26.04,17.48,23.79,12.24,
60611,05/08/2026,09:37:12,54.50,1:28,6:28,000:21,6:01,000:01,014:19,1.78,1.69,3.47,28.28,17.14,30.80,17.60,
60611,05/08/2026,09:51:31,50.50,2:04,6:24,000:16,6:36,000:59,016:19,1.74,1.70,3.44,27.90,17.02,30.75,16.53,
60611,05/08/2026,10:07:50,59.50,1:49,6:35,000:21,7:04,000:32,016:21,1.76,1.74,3.50,29.27,16.72,32.00,16.46,
60611,05/08/2026,10:24:11,51.00,1:52,6:03,000:22,5:16,000:00,013:33,1.75,1.71,3.46,29.05,18.11,33.59,19.85,
60611,05/08/2026,10:37:44,57.00,1:59,6:34,000:23,6:04,000:27,015:27,1.80,1.75,3.55,28.12,17.09,33.48,18.15,
60611,05/08/2026,10:53:11,51.50,1:33,6:49,000:29,10:24,010:24,029:39,1.78,1.77,3.55,25.71,16.24,23.91,11.04,
60611,05/08/2026,12:26:12,45.00,1:52,7:44,000:31,6:36,000:00,016:43,1.81,1.70,3.51,23.36,14.88,29.87,15.98,
60611,05/08/2026,12:42:55,55.00,1:35,7:32,000:25,8:01,002:56,020:29,1.75,1.70,3.45,26.86,14.72,29.87,16.91,
60611,05/08/2026,13:03:24,45.00,1:41,7:21,000:38,5:57,000:00,015:37,1.81,1.74,3.55,25.77,15.38,29.76,17.98,
60611,05/08/2026,13:19:01,59.50,1:49,8:11,000:24,9:39,021:03,041:06,1.75,1.75,3.50,23.41,14.35,23.36,12.04,
60611,06/08/2026,00:58:51,49.00,4:05,6:04,000:21,6:08,001:36,018:14,1.75,1.73,3.48,28.34,17.74,30.80,17.52,
60611,06/08/2026,01:17:05,52.50,3:43,5:54,000:17,7:59,000:03,017:56,1.72,1.59,3.31,28.61,18.33,28.12,14.70,
60611,07/08/2026,01:07:40,51.50,2:33,5:10,000:17,5:14,002:42,015:56,1.54,1.53,3.07,28.99,18.52,31.84,18.66,
60611,07/08/2026,01:23:36,64.00,2:58,4:56,000:20,5:25,000:00,013:39,1.58,1.57,3.15,30.63,19.70,34.30,20.07,
60611,07/08/2026,01:37:15,55.50,2:08,5:33,000:15,7:32,000:01,015:29,1.56,1.52,3.08,27.96,17.40,26.97,16.91,
60611,07/08/2026,01:52:44,59.50,2:49,5:05,000:17,5:56,004:33,018:40,1.53,1.52,3.05,29.10,18.74,31.84,17.18,
60611,07/08/2026,02:11:24,55.50,3:10,5:13,000:20,5:36,000:00,014:19,1.56,1.55,3.11,29.32,18.63,30.53,19.21,
60611,07/08/2026,02:25:43,57.00,2:34,5:56,000:17,6:27,000:01,015:15,1.56,1.56,3.12,26.70,16.26,24.89,17.17,
60611,07/08/2026,02:40:58,50.50,2:27,5:16,000:20,7:04,000:03,015:10,1.55,1.55,3.10,27.24,18.26,31.62,16.72,
60611,07/08/2026,02:56:08,49.50,3:06,5:37,000:18,10:30,008:52,028:23,1.56,1.54,3.10,28.45,17.49,25.44,10.88,
60611,07/08/2026,04:24:13,52.50,3:01,5:09,000:18,6:16,000:33,015:17,1.53,1.51,3.04,27.24,18.54,26.20,15.61,
60611,07/08/2026,04:39:30,66.00,2:54,5:17,000:25,5:23,000:00,013:59,1.54,1.54,3.08,28.94,18.31,31.57,18.98,
60611,07/08/2026,04:53:29,59.50,3:02,5:38,000:17,5:16,000:01,014:14,1.55,1.55,3.10,26.86,17.24,32.33,18.01,
60611,07/08/2026,05:07:43,52.50,2:34,5:22,000:18,5:26,000:00,013:40,1.54,1.55,3.09,28.50,17.76,28.50,17.52,
60611,07/08/2026,05:21:23,59.50,3:02,5:44,001:16,8:35,001:01,079:38,1.53,16.33,17.86,26.48,16.49,37.75,16.14,
60611,09/08/2026,09:02:47,45.50,1:42,6:46,000:22,6:49,001:02,016:41,1.80,1.75,3.55,27.46,16.68,27.35,16.85,
60611,09/08/2026,09:19:28,48.50,1:15,6:17,000:17,5:44,000:57,014:30,1.82,1.74,3.56,29.54,18.00,32.61,19.04,
60611,09/08/2026,09:33:58,51.00,1:18,5:56,000:19,7:28,006:50,021:51,1.76,1.78,3.54,28.56,18.40,31.68,16.15,
60611,09/08/2026,09:55:49,47.00,1:32,5:25,000:18,4:55,000:00,012:10,1.71,1.66,3.37,31.29,19.65,36.98,21.11,
60611,09/08/2026,10:07:59,43.50,2:01,6:58,000:16,5:55,000:00,015:10,1.73,1.66,3.39,29.71,16.94,35.29,18.75,
60611,09/08/2026,10:23:09,52.50,1:37,5:53,001:20,18:21,011:17,038:28,1.73,3.42,5.15,28.72,18.19,33.48,12.27,
60611,10/08/2026,09:49:32,42.50,1:44,9:41,000:21,9:15,000:39,021:40,1.86,1.67,3.53,23.03,12.15,19.64,11.14,
60611,10/08/2026,10:11:12,45.50,1:57,8:58,000:21,8:20,000:00,019:36,1.75,1.66,3.41,20.79,12.13,22.48,12.35,
60611,10/08/2026,10:30:48,46.50,1:27,8:16,000:30,8:27,000:07,018:47,1.73,1.65,3.38,23.63,12.97,18.93,11.98,
60611,10/08/2026,10:49:35,47.50,1:40,10:14,000:27,17:03,000:30,029:54,1.79,2.71,4.50,18.71,11.03,28.56,10.19,
60611,11/08/2026,19:16:53,51.50,1:17,12:57,000:19,10:03,000:50,025:26,1.82,1.68,3.50,16.03,8.78,16.13,10.20,
60611,11/08/2026,19:42:19,49.50,1:43,7:57,000:13,5:35,000:00,015:28,1.63,1.55,3.18,22.92,13.19,28.99,17.47,
60611,11/08/2026,19:57:47,40.00,1:01,6:43,000:13,3:49,000:00,035:46,1.64,8.32,9.96,26.26,15.41,37.47,18.12,
60611,11/08/2026,20:33:33,57.50,7:10,5:31,000:18,5:41,000:01,6:41,1.65,1.59,3.24,30.15,18.50,27.63,17.53,
60611,18/08/2026,00:16:14,59.00,3:30,5:46,000:17,7:39,004:13,021:25,1.63,1.56,3.19,29.10,17.84,27.41,15.33,
60611,18/08/2026,00:37:39,59.00,3:38,5:50,000:17,6:06,004:40,020:31,1.65,1.58,3.23,28.12,17.51,28.23,16.41,
60611,18/08/2026,00:58:10,53.50,3:58,6:15,006:11,7:06,003:57,027:27,1.68,1.64,3.32,29.05,16.89,25.98,15.26,
60611,18/08/2026,01:25:37,48.50,2:42,5:28,000:18,5:48,000:15,014:31,1.67,1.65,3.32,31.13,18.92,31.73,18.10,
60611,18/08/2026,01:40:08,43.00,3:24,5:48,000:18,5:42,002:03,017:15,1.69,1.65,3.34,29.38,18.05,33.54,19.02,
60611,18/08/2026,01:57:23,46.00,2:40,6:11,000:16,9:38,001:25,020:10,1.70,1.64,3.34,29.65,17.14,33.86,17.93,
60611,18/08/2026,02:17:33,46.00,4:14,5:25,000:14,12:31,007:36,030:00,1.69,1.68,3.37,31.40,19.77,24.18,9.92,
60611,18/08/2026,02:47:33,47.00,0:59,5:33,000:17,5:54,000:01,012:44,1.71,1.63,3.34,29.21,19.24,31.40,17.32,
60611,18/08/2026,03:00:17,52.00,4:03,4:14,000:16,5:38,002:16,016:27,1.18,1.44,2.62,28.72,17.42,27.96,16.06,
60611,18/08/2026,03:16:44,46.50,2:08,5:53,000:19,5:41,000:01,014:02,1.68,1.68,3.36,30.25,17.82,32.22,18.41,
60611,18/08/2026,03:30:46,51.00,1:06,6:45,000:18,1:29,011:42,081:20,1.71,16.17,17.88,27.02,15.72,38.57,16.49,
60611,18/08/2026,05:40:45,52.00,1:10,5:32,000:18,7:55,004:38,019:33,1.83,1.94,3.77,32.06,20.50,32.55,16.47,
60611,18/08/2026,06:00:18,56.00,1:25,5:15,000:26,5:14,001:38,013:58,1.74,1.81,3.55,29.81,20.29,33.81,21.31,
60611,18/08/2026,06:14:16,46.00,0:56,5:25,000:15,5:04,000:00,011:40,1.86,1.84,3.70,32.88,21.26,34.96,22.15,
60611,18/08/2026,06:25:56,56.00,1:20,5:48,000:16,10:11,000:37,018:12,1.85,3.38,5.23,29.98,19.90,43.27,21.10,
60611,18/08/2026,06:44:08,56.50,10:21,5:16,000:27,6:19,011:45,034:08,1.71,1.79,3.50,29.43,19.78,35.73,17.92,
60611,18/08/2026,07:18:16,35.50,0:44,5:20,000:23,5:16,000:00,011:43,1.84,1.83,3.67,33.59,21.16,31.89,21.41,
60611,18/08/2026,07:29:59,59.50,1:25,6:07,000:24,5:25,000:00,013:21,1.86,1.83,3.69,31.51,18.83,30.85,21.14,
60611,18/08/2026,07:43:20,50.50,1:24,5:47,000:22,5:33,000:00,013:06,1.85,1.82,3.67,29.81,19.91,31.73,20.52,
60611,18/08/2026,07:56:26,44.50,1:40,5:52,000:14,5:34,000:00,013:20,1.84,1.84,3.68,28.99,19.42,30.75,20.40,
60611,18/08/2026,08:09:46,45.00,1:16,6:46,000:22,5:56,000:00,014:20,1.85,1.84,3.69,25.88,17.03,26.75,19.05,
60611,18/08/2026,08:24:06,53.50,1:46,7:32,000:43,13:33,005:03,028:37,1.89,2.11,4.00,25.88,15.90,32.11,14.67,
60611,18/08/2026,08:52:43,34.00,1:13,4:06,001:18,10:28,001:13,018:18,1.63,2.34,3.97,34.36,24.58,43.33,18.78,
60611,13/08/2026,09:03:57,53.00,1:30,5:42,000:20,4:44,002:04,014:20,1.62,1.56,3.18,30.09,18.08,40.65,17.64,
60611,13/08/2026,09:19:02,63.00,2:26,6:01,000:21,7:00,000:00,015:48,1.67,2.01,3.68,29.38,17.14,33.10,18.26,
60611,13/08/2026,09:34:50,56.50,1:05,7:44,002:28,5:42,000:01,017:00,2.06,2.01,4.07,26.80,16.96,33.26,21.64,
60611,13/08/2026,09:51:50,55.50,0:57,6:51,000:17,5:20,000:00,013:25,2.05,2.01,4.06,29.81,18.59,41.14,23.25,
60611,13/08/2026,10:05:15,53.50,1:10,6:08,000:18,5:37,000:00,013:13,2.02,1.98,4.00,32.22,20.23,35.83,21.90,
60611,13/08/2026,10:18:28,54.50,1:29,6:12,000:20,7:03,000:00,015:04,2.05,2.03,4.08,37.04,20.43,36.22,18.26,
60611,13/08/2026,10:33:32,47.50,1:09,6:19,000:20,6:07,000:00,013:55,2.04,2.03,4.07,31.95,19.94,34.68,20.15,
60611,13/08/2026,10:47:27,57.00,1:11,6:31,001:27,5:57,000:27,015:33,2.06,2.04,4.10,33.59,19.46,39.99,21.62,
60611,13/08/2026,11:03:00,59.50,0:59,6:54,000:16,12:35,002:08,022:52,2.06,2.79,4.85,34.25,18.91,36.22,10.29,
60611,13/08/2026,12:19:41,41.50,0:59,7:02,000:18,7:18,001:17,016:54,2.07,2.07,4.14,33.37,18.17,39.01,18.48,
60611,13/08/2026,12:36:35,59.00,0:43,7:33,000:17,5:47,000:00,014:20,2.08,2.06,4.14,30.25,18.08,40.48,21.84,
60611,13/08/2026,12:50:55,59.00,1:15,7:37,000:20,5:48,000:45,015:45,2.06,2.05,4.11,31.89,17.50,42.40,21.89,
60611,13/08/2026,13:06:40,57.50,1:17,7:18,000:21,6:45,001:24,017:05,2.08,2.04,4.12,28.99,18.15,40.16,19.27,
60611,13/08/2026,13:23:45,57.00,1:11,7:14,000:20,12:18,022:22,7:25,2.07,16.20,18.27,31.84,18.01,37.91,14.85,
60611,14/08/2026,09:29:28,57.50,2:10,7:49,001:54,5:56,000:00,017:49,1.55,1.57,3.12,21.17,12.96,24.56,16.47,
60611,14/08/2026,09:47:17,47.50,2:15,6:11,000:25,7:01,004:02,019:54,1.57,1.58,3.15,24.23,15.69,25.33,14.13,
60611,14/08/2026,10:07:11,44.50,2:19,6:49,003:41,13:28,003:19,029:36,1.54,1.61,3.15,21.83,14.41,18.93,12.47,
60611,14/08/2026,10:36:47,51.00,3:06,6:47,000:38,7:22,000:00,017:53,1.55,1.56,3.11,22.81,14.69,25.60,14.65,
60611,14/08/2026,10:54:40,48.00,1:53,1:43,000:20,2:50,001:01,007:47,0.19,0.28,0.47,14.60,8.08,16.63,7.05,
60611,14/08/2026,11:02:27,39.00,2:32,1:53,000:17,3:21,006:45,014:48,0.22,0.24,0.46,15.75,8.47,14.77,7.19,
60611,14/08/2026,11:17:15,45.00,2:53,6:58,000:18,10:39,005:11,025:59,1.58,2.42,4.00,29.10,16.07,33.32,15.04,
60611,14/08/2026,12:45:45,45.50,2:34,10:01,001:02,5:55,000:00,019:32,1.79,1.69,3.48,27.79,15.33,35.23,18.34,
60611,14/08/2026,13:05:17,39.00,1:48,6:26,000:25,7:08,000:00,015:47,1.71,1.71,3.42,27.52,16.47,31.40,17.82,
60611,14/08/2026,13:21:04,39.50,1:41,7:00,001:38,6:54,000:26,017:39,1.73,1.67,3.40,23.41,15.46,23.96,15.15,
60611,14/08/2026,13:38:43,40.50,2:00,7:52,000:19,5:01,000:00,015:12,1.73,1.62,3.35,21.22,13.67,40.81,20.48,
60611,14/08/2026,13:53:55,48.00,1:46,5:32,000:13,10:26,000:00,017:57,1.72,2.88,4.60,34.52,19.55,51.48,17.21,
60611,14/08/2026,17:22:10,53.00,1:27,6:22,000:22,6:17,000:08,014:36,1.87,1.80,3.67,27.68,18.26,29.81,18.11,
60611,14/08/2026,17:36:46,52.50,1:47,6:21,000:28,5:41,000:00,014:17,1.86,1.79,3.65,26.42,18.21,28.17,19.58,
60611,14/08/2026,17:51:03,64.00,1:33,6:23,000:40,5:43,001:39,015:58,1.85,1.79,3.64,26.64,17.81,28.01,19.26,
60611,14/08/2026,18:07:01,58.50,1:25,7:02,000:36,5:46,001:31,016:20,1.85,1.76,3.61,25.93,16.32,27.79,18.89,
60611,14/08/2026,18:23:21,56.50,2:08,6:26,000:38,5:30,001:45,016:27,1.85,1.78,3.63,26.70,17.93,32.72,20.00,
60611,14/08/2026,18:39:48,63.00,1:47,6:42,000:30,5:36,001:06,015:41,1.87,1.78,3.65,27.79,17.39,28.67,19.63,
60611,14/08/2026,18:55:29,66.00,1:36,6:56,000:37,6:52,001:28,017:29,1.86,1.79,3.65,25.88,16.45,26.59,17.21,
60611,14/08/2026,19:12:58,55.50,4:08,8:07,000:21,13:28,000:07,026:11,1.88,2.65,4.53,24.23,14.22,27.57,12.17,
60611,14/08/2026,20:29:51,52.50,1:05,6:51,000:30,6:35,000:00,015:01,1.85,1.79,3.64,23.25,16.53,25.55,16.93,
60611,14/08/2026,20:44:52,52.00,1:29,6:47,000:27,6:32,000:00,015:15,1.84,1.80,3.64,24.07,16.68,23.63,16.79,
60611,14/08/2026,21:00:07,51.50,1:22,7:07,000:28,6:10,000:00,015:07,1.87,1.77,3.64,23.63,16.29,23.96,17.53,
60611,14/08/2026,21:15:14,58.50,2:49,7:29,000:32,6:08,001:50,018:48,1.85,1.76,3.61,24.45,15.31,28.23,18.06,
60611,14/08/2026,21:34:02,53.50,1:08,6:45,000:42,12:58,004:27,026:00,1.84,2.63,4.47,26.64,16.88,27.57,13.02,
60611,15/08/2026,01:37:14,49.50,1:31,6:38,000:30,5:43,000:00,014:22,1.86,1.79,3.65,28.28,17.27,31.02,19.30,
60611,15/08/2026,01:51:36,55.50,1:31,6:31,000:26,5:11,000:00,013:39,1.86,1.79,3.65,28.28,17.97,41.58,21.34,
60611,15/08/2026,02:05:15,53.50,1:28,5:56,000:22,5:04,001:15,014:05,1.80,1.71,3.51,28.06,18.97,45.74,20.79,
60611,15/08/2026,02:19:20,52.50,1:14,6:38,000:28,6:33,000:00,014:53,1.83,1.78,3.61,27.14,17.06,27.63,16.81,
60611,15/08/2026,02:34:13,45.50,1:40,7:08,000:27,6:08,000:00,015:23,1.84,1.78,3.62,25.98,16.03,26.04,17.88,
60611,15/08/2026,02:49:36,45.00,1:30,6:32,000:26,6:16,004:06,018:50,1.82,1.79,3.61,41.52,17.36,31.13,17.91,
60611,15/08/2026,03:08:26,59.00,1:15,6:55,003:21,6:09,000:37,018:17,2.30,1.78,4.08,46.83,21.05,29.38,18.76,
60611,15/08/2026,03:26:43,47.00,1:34,6:35,000:20,6:52,000:47,016:08,1.79,1.76,3.55,28.06,16.98,31.62,17.22,
60611,15/08/2026,03:42:51,59.00,1:37,6:49,000:30,6:24,000:00,015:20,1.73,1.65,3.38,27.74,16.06,33.15,17.23,
60611,15/08/2026,03:58:11,56.50,2:43,6:29,000:17,6:02,000:00,015:31,1.72,1.64,3.36,29.21,16.41,31.73,17.29,
60611,15/08/2026,04:13:42,47.00,1:35,5:37,011:53,21:35,002:47,067:27,1.69,15.79,17.48,40.48,18.43,41.52,21.37,
60611,15/08/2026,09:22:06,53.00,1:35,6:00,000:15,6:09,000:00,013:59,1.80,1.75,3.55,28.45,18.43,30.97,17.85,
60611,15/08/2026,09:36:05,58.50,1:49,6:20,000:18,6:22,001:42,016:31,1.80,1.75,3.55,28.72,17.67,31.29,17.20,
60611,15/08/2026,09:52:36,55.00,1:57,6:18,000:19,6:42,001:34,016:50,1.82,1.72,3.54,28.34,17.87,26.80,16.03,
60611,15/08/2026,10:09:26,53.00,1:47,5:43,000:17,5:43,001:22,014:52,1.79,1.75,3.54,28.94,19.37,34.36,19.41,
60611,15/08/2026,10:24:18,53.50,2:15,6:18,000:22,6:36,000:00,015:31,1.79,1.74,3.53,28.78,17.48,24.89,16.17,
60611,15/08/2026,10:39:49,59.50,2:28,6:20,000:21,6:24,002:24,017:57,1.80,1.75,3.55,30.25,17.41,32.94,18.57,
60611,15/08/2026,10:57:46,45.00,1:29,5:34,000:31,5:05,000:37,013:16,1.51,1.47,2.98,29.38,18.14,27.74,18.42,
60611,15/08/2026,11:11:02,59.00,1:30,6:56,000:22,17:11,012:17,038:16,1.80,2.36,4.16,28.23,16.14,23.85,10.03,
60611,15/08/2026,12:53:20,48.50,1:52,5:46,001:24,4:20,000:35,013:57,1.02,0.97,1.99,26.97,12.81,27.63,15.04,
60611,15/08/2026,13:07:17,51.50,2:03,5:46,000:28,4:41,000:00,012:58,1.03,0.97,2.00,26.26,12.58,27.96,16.62,
60611,15/08/2026,13:20:15,62.50,2:02,5:31,000:15,4:45,000:01,012:34,1.54,1.49,3.03,27.19,17.30,33.15,21.25,
60611,15/08/2026,13:32:49,59.50,2:00,6:27,000:49,4:24,000:01,013:41,1.55,1.51,3.06,27.41,15.70,35.01,21.29,
60611,15/08/2026,13:46:30,59.00,2:00,6:03,000:54,9:47,005:30,024:14,1.50,2.07,3.57,26.92,15.69,37.20,13.93,
60611,15/08/2026,17:12:32,59.00,1:38,5:53,000:26,4:46,000:00,012:43,1.51,1.44,2.95,26.48,16.88,30.09,18.57,
60611,15/08/2026,17:25:15,55.50,1:44,5:31,000:25,5:28,000:00,013:08,1.49,1.45,2.94,28.17,17.83,25.55,16.56,
60611,15/08/2026,17:38:23,53.50,1:17,6:04,002:37,5:39,000:49,016:26,1.49,1.37,2.86,27.19,16.81,27.19,16.34,
60611,15/08/2026,17:54:49,57.00,2:24,5:20,000:28,4:30,002:28,015:10,0.89,0.83,1.72,25.66,12.36,24.07,12.53,
60611,15/08/2026,18:09:59,54.00,1:44,6:58,000:31,3:39,000:00,012:52,0.90,0.85,1.75,26.70,11.32,22.92,14.40,
60611,15/08/2026,18:22:51,46.50,1:55,6:36,001:04,3:48,000:02,013:25,0.90,0.84,1.74,25.82,10.66,24.45,13.95,
60611,15/08/2026,18:36:16,52.00,2:00,6:17,003:29,3:46,000:00,015:32,0.90,0.87,1.77,22.65,10.56,25.93,14.26,
60611,15/08/2026,18:51:48,51.00,2:22,5:50,000:29,4:26,000:00,013:07,0.94,0.86,1.80,23.74,11.18,24.07,12.15,
60611,15/08/2026,19:04:55,59.50,1:55,6:04,000:28,4:36,000:01,013:04,0.92,0.87,1.79,20.02,9.96,23.25,12.52,
60611,15/08/2026,19:17:59,53.50,3:15,5:56,059:23,7:33,002:15,078:22,0.92,1.15,2.07,21.39,10.20,18.71,9.87,
60611,15/08/2026,20:36:37,48.00,2:08,5:33,000:28,5:13,000:00,013:22,0.93,0.89,1.82,21.94,11.28,19.04,11.16,
60611,15/08/2026,20:49:59,49.50,2:29,6:24,000:30,4:52,000:57,015:12,0.94,0.87,1.81,21.77,10.10,20.62,11.28,
60611,15/08/2026,21:05:11,52.50,2:14,5:38,000:28,4:55,000:00,013:15,0.93,0.89,1.82,19.80,11.16,18.60,11.53,
60611,15/08/2026,21:18:26,48.50,2:16,6:28,003:03,4:28,000:03,016:18,0.93,0.89,1.82,20.24,10.50,22.05,12.47,
60611,15/08/2026,21:34:44,59.00,2:12,5:48,000:25,3:48,000:00,012:13,0.96,0.90,1.86,23.63,11.08,25.00,14.86,
60611,15/08/2026,21:46:57,52.50,1:55,6:14,000:29,8:49,000:29,017:56,0.95,1.30,2.25,27.84,11.41,23.25,11.28,
60611,16/08/2026,10:37:12,54.50,2:26,5:30,002:39,5:09,000:02,015:46,1.06,0.98,2.04,23.09,12.42,24.34,12.48,
60611,16/08/2026,10:52:58,55.00,2:55,5:34,000:22,5:19,003:11,017:21,1.05,1.01,2.06,27.02,12.19,21.83,12.12,
60611,16/08/2026,11:10:19,59.00,2:04,5:49,000:34,5:08,000:00,013:35,1.03,1.02,2.05,22.43,12.79,23.52,12.78,
60611,16/08/2026,11:23:54,52.50,2:23,5:09,000:23,12:09,008:28,052:32,1.05,7.77,8.82,26.59,12.88,43.71,15.91,
60611,17/08/2026,01:03:34,54.50,1:46,7:35,000:21,6:01,000:00,015:43,1.69,1.61,3.30,26.92,14.32,27.19,16.51,
60611,17/08/2026,01:19:17,54.50,2:32,7:01,000:17,5:28,000:00,015:18,1.77,1.72,3.49,27.14,16.10,33.70,19.35,
60611,17/08/2026,01:34:35,53.50,1:55,6:42,000:20,6:04,000:00,015:01,1.78,1.73,3.51,28.01,17.04,33.26,17.79,
60611,17/08/2026,01:49:36,48.50,1:33,6:08,000:22,5:36,001:12,014:51,1.68,1.61,3.29,26.59,17.00,33.76,18.44,
60611,17/08/2026,02:04:27,58.00,1:47,7:19,000:22,5:33,000:00,015:01,1.80,1.73,3.53,28.23,16.09,32.94,19.27,
60611,17/08/2026,02:19:28,56.00,1:49,6:42,000:18,8:08,000:00,016:57,1.78,1.75,3.53,27.57,16.59,30.03,15.03,
60611,17/08/2026,02:36:25,52.50,1:52,7:52,003:16,6:00,000:00,019:00,1.79,1.74,3.53,29.93,15.67,32.88,18.92,
60611,17/08/2026,02:55:25,51.50,1:47,6:29,000:23,5:57,000:00,014:36,1.79,1.73,3.52,28.01,17.41,29.71,18.00,
60611,17/08/2026,03:10:01,57.00,2:24,6:00,000:18,6:26,002:45,017:53,1.69,1.60,3.29,27.46,17.25,32.88,15.95,
60611,17/08/2026,03:27:54,50.50,5:03,6:33,000:20,6:25,000:00,018:21,1.78,1.76,3.54,29.81,17.02,34.03,18.09,
60611,17/08/2026,03:46:15,50.00,1:40,6:03,000:20,5:33,000:00,013:36,1.77,1.72,3.49,28.56,18.15,32.94,19.21,
60611,17/08/2026,03:59:51,57.50,2:10,7:13,002:42,6:39,000:00,018:44,1.79,1.71,3.50,26.75,15.67,33.54,16.50,
60611,17/08/2026,04:18:35,38.50,1:37,6:52,001:20,3:18,016:12,077:19,1.57,13.98,15.55,35.45,14.69,40.10,17.49,
60611,17/08/2026,09:21:46,57.50,2:37,5:06,000:15,6:51,000:43,015:32,1.08,1.01,2.09,27.74,13.30,30.58,16.10,
60611,17/08/2026,09:37:18,48.50,2:40,4:41,000:15,4:55,003:24,015:55,1.08,1.04,2.12,28.67,14.58,24.07,13.98,
60611,17/08/2026,09:53:13,57.00,2:56,4:31,000:17,4:19,000:02,012:05,1.07,1.05,2.12,32.66,15.44,33.21,16.46,
60611,17/08/2026,10:05:18,61.00,3:20,4:30,000:16,4:53,003:58,016:57,1.08,1.03,2.11,27.96,15.22,25.33,16.56,
60611,17/08/2026,10:22:15,56.00,2:59,4:31,000:17,3:45,000:00,011:32,1.09,1.06,2.15,32.61,15.23,31.18,18.30,
60611,17/08/2026,10:33:47,56.00,3:00,6:00,000:15,3:39,000:00,012:54,1.10,1.06,2.16,30.69,13.04,35.45,18.64,
60611,17/08/2026,10:46:41,66.50,3:19,4:37,000:23,3:55,000:00,012:14,1.09,1.06,2.15,32.06,15.23,34.14,18.85,
60611,17/08/2026,10:58:55,51.50,2:56,5:25,000:16,4:34,003:18,016:29,1.12,1.07,2.19,32.06,13.44,28.12,17.18,
60611,17/08/2026,11:15:24,65.00,3:38,5:33,000:44,7:00,000:02,016:57,1.13,1.26,2.39,27.14,13.25,26.64,11.47,
60611,17/08/2026,12:38:03,59.00,2:30,5:22,000:13,4:37,000:00,012:42,1.17,1.64,2.81,32.22,14.06,34.63,22.02,
60611,17/08/2026,12:50:45,54.00,2:59,6:14,000:16,5:27,000:01,014:57,1.70,1.62,3.32,28.50,16.93,30.80,19.39,
60611,17/08/2026,13:05:42,52.50,3:00,5:30,000:15,5:38,003:18,017:41,1.68,1.63,3.31,30.85,19.01,31.79,19.10,
60611,17/08/2026,13:23:23,53.00,3:03,6:33,000:28,6:46,000:55,017:45,1.66,1.65,3.31,26.80,16.34,26.86,16.26,
60611,17/08/2026,13:41:08,57.00,3:44,7:49,001:44,17:10,004:36,095:03,1.67,16.52,18.19,21.94,13.56,38.73,14.82,
60611,18/08/2026,11:54:16,49.50,2:04,5:45,000:17,7:05,000:00,015:11,1.68,1.62,3.30,27.68,18.55,32.99,18.41,
60611,18/08/2026,12:09:27,55.00,2:09,5:49,000:33,4:42,000:00,013:13,1.70,1.62,3.32,28.23,18.66,35.67,21.27,
60611,18/08/2026,12:22:40,43.50,2:03,5:16,000:16,6:38,000:00,014:13,1.68,1.64,3.32,28.94,20.04,33.15,18.61,
60611,18/08/2026,12:36:53,51.00,2:35,5:26,000:20,5:48,002:59,017:08,1.71,1.63,3.34,28.89,19.74,35.01,18.53,
60611,18/08/2026,12:54:01,61.50,2:17,5:28,000:25,7:07,000:01,015:18,1.71,1.64,3.35,27.84,19.21,34.19,17.40,
60611,18/08/2026,13:09:19,63.50,2:21,5:17,000:16,4:35,001:03,013:32,1.71,1.61,3.32,31.84,20.01,37.69,22.23,
60611,18/08/2026,13:22:51,50.00,2:24,5:38,000:18,7:03,000:01,015:24,1.68,1.63,3.31,28.39,18.85,28.72,15.70,
60611,18/08/2026,13:38:15,59.00,2:22,6:17,000:15,9:23,000:36,018:53,1.73,1.75,3.48,30.69,17.76,29.98,11.93,
60611,19/08/2026,10:52:57,58.50,2:08,8:38,000:18,7:35,000:30,019:09,1.82,1.74,3.56,24.18,13.54,24.62,15.08,
60611,19/08/2026,11:12:06,56.50,2:00,9:02,000:17,15:02,002:14,028:35,1.85,2.03,3.88,20.51,12.83,23.96,9.07,
60611,19/08/2026,12:45:18,60.00,1:50,7:07,000:43,8:27,001:46,019:53,1.80,1.71,3.51,25.33,15.81,27.84,14.22,
60611,19/08/2026,13:05:11,58.00,1:38,7:20,000:24,7:10,000:50,017:22,1.79,1.72,3.51,25.93,15.73,27.46,15.07,
60611,19/08/2026,13:22:33,54.50,1:10,6:45,000:27,14:38,007:50,030:50,1.77,1.96,3.73,25.71,16.39,23.91,10.64,
60611,22/08/2026,02:03:04,57.50,1:44,6:55,000:19,7:45,001:08,017:51,1.73,1.68,3.41,29.27,16.04,25.33,13.78,
60611,22/08/2026,02:20:55,55.50,2:13,9:23,000:46,7:43,000:33,020:38,1.76,1.65,3.41,25.98,12.42,24.40,14.02,
60611,22/08/2026,02:41:33,57.50,3:41,10:33,001:26,11:22,002:36,029:38,1.80,1.70,3.50,29.10,14.75,25.49,13.60,
60611,22/08/2026,09:25:27,48.00,1:49,2:56,000:15,2:46,000:00,007:46,0.44,0.46,0.90,17.17,11.06,23.14,11.08,
60611,22/08/2026,09:33:13,54.50,2:17,3:00,000:17,3:19,002:12,011:05,0.49,0.51,1.00,24.18,11.47,22.97,11.33,
60611,22/08/2026,09:44:18,57.00,2:14,2:27,000:15,4:22,000:37,009:55,0.46,0.56,1.02,21.55,12.30,22.43,9.98,
60611,22/08/2026,09:54:13,57.00,2:17,2:36,001:15,3:08,000:01,009:17,0.45,0.52,0.97,22.48,11.62,22.97,11.31,
60611,22/08/2026,10:03:30,58.00,2:23,2:39,000:25,3:01,001:05,009:33,0.44,0.51,0.95,18.60,10.90,21.33,11.87,
60611,22/08/2026,10:13:03,43.00,3:40,2:03,000:17,2:52,000:00,008:52,0.43,0.45,0.88,22.97,14.01,24.45,12.75,
60611,22/08/2026,10:21:55,34.00,2:05,4:17,000:15,4:04,000:01,010:42,0.94,0.85,1.79,24.23,14.13,23.69,14.10,
60611,22/08/2026,10:32:37,47.50,3:34,3:07,000:15,3:49,006:27,017:12,0.65,0.62,1.27,24.45,13.60,23.19,11.00,
60611,22/08/2026,10:49:49,53.50,3:28,3:31,000:51,4:23,002:04,014:17,0.78,0.74,1.52,21.55,14.46,22.76,13.82,
60611,22/08/2026,11:04:06,44.00,3:00,3:12,000:16,4:29,002:45,013:42,0.79,0.77,1.56,25.93,15.74,23.09,12.71,
60611,22/08/2026,11:17:48,49.00,3:21,4:20,001:34,10:20,007:04,026:39,0.78,1.31,2.09,26.10,11.79,23.69,8.97,
60611,22/08/2026,13:23:58,56.00,1:33,3:40,000:18,4:02,000:00,009:33,0.75,0.75,1.50,19.47,13.21,21.72,11.89,
60611,22/08/2026,13:33:31,46.00,1:45,3:35,000:19,3:38,000:00,009:17,0.77,0.77,1.54,23.09,14.00,27.57,15.28,
60611,22/08/2026,13:42:48,55.00,1:45,3:41,000:29,11:32,004:28,069:55,0.75,15.30,16.05,20.62,13.47,36.60,15.90,
60611,22/08/2026,17:03:06,56.00,1:54,3:21,000:20,4:17,000:00,009:52,0.43,0.44,0.87,12.42,8.66,13.18,7.62,
60611,22/08/2026,17:12:58,46.50,3:04,3:02,000:18,3:51,001:29,011:44,0.43,0.46,0.89,12.91,9.48,12.74,7.78,
60611,22/08/2026,17:24:42,55.00,2:30,3:38,000:18,3:51,001:46,012:03,0.45,0.44,0.89,12.09,8.49,18.21,8.23,
60611,22/08/2026,17:36:45,59.00,3:58,3:25,000:19,5:59,006:29,020:10,0.46,0.53,0.99,13.07,9.07,12.42,6.49,
60611,22/08/2026,17:56:55,49.50,2:42,3:37,000:19,9:47,000:53,017:18,0.44,1.37,1.81,12.85,8.24,13.46,8.93,
60611,22/08/2026,18:14:13,50.50,2:16,10:41,000:23,10:43,000:41,024:44,1.70,1.63,3.33,15.59,10.30,17.23,9.87,
60611,22/08/2026,18:38:57,49.00,3:05,10:49,000:22,12:22,000:00,026:38,1.67,1.66,3.33,14.49,9.82,16.57,9.43,
60611,22/08/2026,19:05:35,55.00,2:47,9:06,000:18,18:55,004:12,035:18,1.70,2.03,3.73,24.89,11.88,16.79,7.94,
60611,22/08/2026,20:51:07,45.50,1:56,10:10,000:18,10:10,000:00,022:34,1.70,1.62,3.32,15.92,10.71,15.97,9.79,
60611,22/08/2026,21:13:41,57.50,2:01,11:18,000:21,10:45,000:00,024:25,1.67,1.63,3.30,13.95,9.54,14.28,9.85,
60611,22/08/2026,21:38:06,49.00,2:23,9:40,000:14,8:02,001:05,021:24,1.69,1.64,3.33,19.47,11.44,25.88,13.39,
60611,22/08/2026,21:59:30,58.50,2:34,9:58,000:19,9:19,000:00,022:10,1.67,1.64,3.31,25.77,10.59,22.21,11.70,
60611,22/08/2026,22:21:40,37.00,1:13,5:43,000:19,9:34,000:00,016:49,1.64,1.37,3.01,32.88,18.06,30.25,10.37,
60611,24/08/2026,01:10:26,50.50,2:01,9:11,000:23,8:00,000:00,019:35,1.74,1.67,3.41,24.62,12.64,25.88,12.88,
60611,24/08/2026,01:30:01,50.00,1:44,9:08,000:31,8:21,000:00,019:44,1.72,1.66,3.38,22.26,12.67,24.95,12.70,
60611,24/08/2026,01:49:45,59.00,2:26,10:01,004:54,8:36,001:01,026:58,1.72,1.65,3.37,24.40,11.59,24.84,12.41,
60611,24/08/2026,02:16:43,57.50,2:11,10:52,002:30,8:10,000:00,023:43,1.76,1.67,3.43,23.91,11.90,24.45,12.55,
60611,24/08/2026,02:40:26,59.00,2:07,7:56,000:19,7:56,000:00,018:18,1.74,1.66,3.40,24.84,13.79,27.24,13.59,
60611,24/08/2026,02:58:44,59.00,1:58,8:49,000:21,8:13,002:41,022:02,1.72,1.63,3.35,22.05,12.48,26.97,12.78,
60611,24/08/2026,03:20:46,47.50,2:11,9:24,001:40,7:17,000:00,020:32,1.72,1.67,3.39,21.39,12.01,27.79,14.00,
60611,24/08/2026,03:41:18,54.50,1:50,7:57,000:22,8:05,000:00,018:14,1.71,1.62,3.33,26.37,13.32,21.61,12.42,
60611,24/08/2026,03:59:32,52.00,2:19,8:03,001:13,7:15,000:00,018:50,1.68,1.64,3.32,22.92,13.46,28.23,15.34,
60611,24/08/2026,04:18:22,53.00,1:25,8:02,000:17,3:14,000:00,072:58,1.69,15.34,17.03,22.70,13.30,34.14,14.93,
60611,24/08/2026,09:08:26,53.00,2:42,6:10,000:25,5:56,000:00,015:13,1.65,1.56,3.21,25.11,16.77,25.44,16.41,
60611,24/08/2026,09:23:39,55.00,2:33,7:04,000:25,5:48,000:00,015:50,1.67,1.58,3.25,22.37,14.61,27.57,16.69,
60611,24/08/2026,09:39:29,55.50,3:05,8:05,000:24,6:54,000:00,018:28,1.72,1.64,3.36,25.38,14.26,25.22,15.07,
60611,24/08/2026,09:57:57,49.00,2:22,6:27,000:20,6:16,000:01,015:26,1.71,1.35,3.06,26.48,16.50,26.37,13.81,
60611,24/08/2026,10:13:23,53.50,3:19,6:55,002:00,5:18,000:00,017:32,1.41,1.33,2.74,24.29,13.13,24.51,15.45,
60611,24/08/2026,10:30:55,49.50,3:06,6:53,000:25,6:01,000:00,016:25,1.40,1.38,2.78,22.87,13.21,25.71,14.03,
60611,24/08/2026,10:47:20,47.50,2:39,6:46,000:29,6:00,001:39,017:33,1.63,1.55,3.18,24.78,14.93,25.98,15.93,
60611,24/08/2026,11:04:53,58.00,2:03,7:05,000:23,11:42,013:08,034:21,1.67,2.01,3.68,23.31,15.09,36.71,12.32,
60611,24/08/2026,12:28:50,47.00,7:16,6:25,000:44,7:23,000:33,022:21,1.69,1.63,3.32,25.88,16.54,27.02,14.71,
60611,24/08/2026,12:51:11,49.50,2:34,5:45,000:28,6:05,000:00,014:52,1.70,1.66,3.36,28.12,18.20,31.24,16.63,
60611,24/08/2026,13:06:03,57.50,2:18,6:40,000:25,5:23,002:09,016:55,1.71,1.34,3.05,24.89,16.08,24.62,15.66,
60611,24/08/2026,13:22:58,52.00,2:17,6:41,000:24,5:31,000:00,014:53,1.71,1.35,3.06,25.22,15.88,24.34,14.89,
60611,24/08/2026,13:37:51,58.50,2:31,7:14,000:27,5:23,000:00,015:35,1.71,1.31,3.02,23.09,14.83,27.24,15.02,
60611,24/08/2026,13:53:26,50.50,2:15,4:29,000:23,7:41,000:00,014:48,1.52,1.44,2.96,33.43,20.89,32.88,12.50,
60611,24/08/2026,20:48:29,53.50,2:22,8:24,000:20,7:09,000:00,018:15,1.64,1.60,3.24,25.82,12.78,24.73,14.26,
60611,24/08/2026,21:06:44,54.50,1:59,7:40,000:26,7:21,003:31,020:57,1.57,1.49,3.06,25.05,13.14,23.96,12.74,
60611,24/08/2026,21:27:41,52.50,1:49,8:12,000:20,7:15,000:22,017:58,1.63,1.59,3.22,20.46,12.63,25.55,14.14,
60611,24/08/2026,21:45:39,48.50,2:36,8:09,000:17,6:54,000:00,017:56,1.63,1.58,3.21,21.39,13.13,27.74,15.43,
60611,24/08/2026,22:03:35,45.50,2:03,8:57,000:22,14:04,003:41,029:07,1.63,2.16,3.79,18.87,11.64,23.52,11.60,
60611,25/08/2026,01:53:09,46.50,1:37,6:39,000:15,7:25,000:00,015:56,1.81,1.78,3.59,31.79,16.77,32.11,17.01,
60611,25/08/2026,02:09:05,43.50,1:17,6:42,001:44,6:02,002:42,018:27,1.65,1.63,3.28,28.12,16.54,30.91,16.99,
60611,25/08/2026,02:27:32,51.00,1:42,6:31,000:18,7:01,002:04,017:36,1.71,1.68,3.39,33.32,16.75,27.96,14.96,
60611,25/08/2026,02:45:08,47.00,1:14,6:41,000:16,0:23,000:00,008:34,1.62,0.03,1.65,27.90,16.10,7.32,5.90,
60611,25/08/2026,02:53:42,58.50,7:18,9:41,001:15,10:52,000:28,029:34,1.70,1.49,3.19,24.13,11.88,25.55,11.30,
60611,25/08/2026,03:23:16,59.50,1:42,7:18,001:42,7:12,000:50,018:44,1.81,1.46,3.27,29.71,15.65,25.82,13.35,
60611,25/08/2026,03:42:00,54.00,1:38,8:40,002:08,3:13,000:00,015:39,1.85,1.07,2.92,28.78,14.39,34.03,21.20,
60611,25/08/2026,03:57:39,49.50,5:42,9:23,006:20,1:52,006:59,090:16,1.81,15.02,16.83,21.83,12.03,28.50,16.00,
60611,25/08/2026,09:38:13,51.00,2:21,6:07,000:16,6:53,000:48,016:25,1.58,1.49,3.07,29.54,16.62,27.84,14.91,
60611,25/08/2026,09:54:38,53.00,2:39,5:31,000:24,5:01,000:00,013:35,1.59,1.51,3.10,29.98,18.04,32.39,18.89,
60611,25/08/2026,10:08:13,59.00,2:06,5:43,000:16,5:59,000:20,014:24,1.59,1.51,3.10,29.93,17.94,30.03,16.02,
60611,25/08/2026,10:22:37,55.50,2:42,5:55,000:18,5:39,004:00,018:34,1.57,1.51,3.08,28.17,16.50,32.94,17.07,
60611,25/08/2026,10:41:11,54.00,2:17,5:44,000:16,7:50,005:01,021:08,1.57,1.64,3.21,28.50,16.96,28.12,14.33,
60611,25/08/2026,11:02:19,42.50,2:12,6:33,000:17,7:33,000:00,016:35,1.77,1.52,3.29,28.34,16.99,25.60,13.10,
60611,25/08/2026,11:18:54,53.00,6:10,6:18,000:15,7:24,003:12,023:19,1.77,1.56,3.33,29.32,17.39,27.46,14.00,
60611,25/08/2026,11:42:13,50.00,2:09,6:10,000:15,8:56,001:07,018:37,1.75,1.52,3.27,30.31,17.94,26.20,13.28,
60611,25/08/2026,12:00:50,55.50,2:02,7:12,000:19,11:23,018:59,3:55,1.82,16.30,18.12,28.12,15.61,37.59,11.59,
60611,28/08/2026,19:16:29,44.50,1:27,9:09,000:24,16:29,000:03,027:32,1.60,1.87,3.47,23.31,13.44,21.72,9.39,
60611,28/08/2026,21:01:02,48.00,5:57,8:59,000:23,5:59,000:00,021:18,1.66,1.31,2.97,19.80,12.20,22.81,13.53,
60611,28/08/2026,21:22:20,48.50,1:44,9:12,001:25,7:29,000:00,019:50,1.68,1.62,3.30,21.39,12.81,22.76,13.72,
60611,28/08/2026,21:42:10,52.00,1:50,11:10,0:27,19:19,001:25,10:11,1.74,1.94,3.68,18.93,10.09,22.76,9.36,
60645,27/08/2026,15:21:24,54.50,1:40,5:41,000:16,5:31,001:57,015:05,1.68,1.64,3.32,33.04,18.82,35.40,18.70,
60645,27/08/2026,15:36:29,42.00,1:43,6:24,000:22,6:57,003:50,019:16,1.69,1.63,3.32,29.60,16.97,27.52,15.58,
60645,27/08/2026,15:55:45,51.50,1:47,5:21,000:16,5:34,001:50,014:48,1.68,1.62,3.30,30.63,19.79,41.47,18.37,
60645,27/08/2026,16:10:33,55.00,1:27,5:25,000:35,5:00,000:12,012:39,1.69,1.64,3.33,32.39,19.59,33.70,20.46,
60645,27/08/2026,16:23:12,53.00,2:02,5:28,000:21,5:23,000:49,014:03,1.68,1.64,3.32,32.17,19.62,37.59,19.72,
60645,27/08/2026,16:37:15,52.50,1:52,5:15,000:20,5:06,000:01,012:34,1.68,1.65,3.33,32.06,20.19,40.43,20.37,
60645,27/08/2026,16:49:49,47.50,2:01,6:10,000:20,6:04,000:51,015:26,1.73,1.65,3.38,31.02,17.97,42.13,20.10,
60645,27/08/2026,17:05:15,50.50,1:38,5:02,000:18,5:36,000:16,012:50,1.68,1.62,3.30,32.06,20.91,37.86,19.40,
60645,27/08/2026,17:18:05,59.50,2:11,5:15,000:17,10:14,000:00,017:57,1.70,2.08,3.78,31.89,20.01,54.33,15.62,
60645,27/08/2026,18:35:12,56.00,1:48,6:12,000:18,5:12,000:01,013:31,1.72,1.66,3.38,26.86,17.39,36.71,19.93,
60645,27/08/2026,18:48:43,46.00,3:13,6:13,000:19,5:06,000:01,014:52,1.71,1.65,3.36,27.46,17.40,34.79,20.11,
60645,27/08/2026,19:03:35,56.50,2:07,5:29,000:18,5:45,000:00,013:39,1.70,1.64,3.34,32.39,19.29,37.47,17.78,
60645,27/08/2026,19:17:14,56.50,1:33,6:06,000:17,7:04,003:42,018:42,1.70,1.69,3.39,26.97,17.45,34.03,15.72,
60645,27/08/2026,19:35:56,51.00,1:45,6:54,000:33,12:07,003:21,024:40,1.71,2.15,3.86,24.95,15.82,26.80,11.73,
60645,27/08/2026,23:17:06,43.50,1:44,8:43,000:20,8:57,001:01,020:45,1.77,1.71,3.48,21.17,12.61,18.82,11.74,
60645,27/08/2026,23:37:51,38.50,2:16,8:30,000:45,8:19,000:00,019:50,1.78,1.67,3.45,21.77,13.02,18.43,12.81,
60645,27/08/2026,23:57:41,58.00,1:45,7:59,000:18,7:51,000:52,018:45,1.73,1.65,3.38,21.39,13.30,24.18,13.13,
60645,28/08/2026,00:16:26,52.00,3:35,8:09,000:18,8:49,000:20,021:11,1.73,1.67,3.40,19.64,13.12,20.46,11.79,
60645,28/08/2026,00:37:37,56.50,2:24,8:45,000:18,7:50,000:00,019:17,1.73,1.66,3.39,22.76,12.57,23.58,13.04,
60645,28/08/2026,00:56:54,48.50,2:30,7:59,000:15,8:05,000:00,018:49,1.81,1.65,3.46,26.92,14.11,20.84,12.49,
60645,28/08/2026,01:15:43,41.50,1:55,5:54,000:22,13:02,002:13,023:26,1.70,2.31,4.01,30.80,17.63,30.25,11.48,
60645,28/08/2026,02:40:30,42.00,1:43,8:40,000:16,8:43,000:00,019:22,1.74,1.65,3.39,19.14,12.46,18.38,11.71,
60645,28/08/2026,02:59:52,52.50,2:14,8:29,000:20,8:01,000:00,019:04,1.74,1.66,3.40,25.93,12.77,18.98,12.63,
60645,28/08/2026,03:18:56,45.50,1:48,7:45,000:18,8:21,000:00,018:12,1.73,1.65,3.38,25.38,13.71,20.68,12.32,
60645,28/08/2026,03:37:08,44.00,1:59,8:30,012:45,19:27,019:23,2:04,1.72,16.43,18.15,25.82,12.61,39.28,13.12,
60645,28/08/2026,15:28:08,51.00,1:38,7:44,013:16,10:13,004:41,037:32,1.70,1.61,3.31,31.35,14.45,22.32,10.33,
60645,28/08/2026,16:05:40,50.50,2:01,8:16,000:27,7:07,000:01,017:52,1.57,1.43,3.00,24.95,12.83,22.32,12.58,
60645,28/08/2026,16:23:32,49.00,2:02,5:34,000:20,7:25,001:12,016:33,1.49,1.46,2.95,33.15,16.93,25.66,12.44,
60645,28/08/2026,16:40:05,53.00,2:01,6:40,000:20,7:52,002:01,018:54,1.50,1.44,2.94,25.88,14.06,18.11,11.46,
60645,28/08/2026,16:58:59,59.50,2:26,7:10,000:24,5:34,000:03,015:37,1.49,1.48,2.97,27.57,12.96,29.65,16.53,
60645,28/08/2026,17:14:36,52.50,2:30,5:55,000:18,5:13,000:01,013:57,1.49,1.47,2.96,28.01,15.60,30.42,17.67,
60645,28/08/2026,17:28:33,52.00,1:57,5:34,000:18,5:07,000:04,013:00,1.48,1.48,2.96,35.67,17.76,39.78,18.08,
60645,28/08/2026,17:41:33,55.50,2:21,4:41,000:20,5:15,000:02,012:39,1.49,1.47,2.96,35.45,20.01,31.18,17.45,
60645,28/08/2026,17:54:12,58.00,2:25,4:47,000:20,6:57,000:05,014:34,1.49,1.50,2.99,33.64,19.32,25.16,13.19,
60645,28/08/2026,18:08:46,52.00,2:44,5:03,000:19,5:06,000:14,013:26,1.51,1.47,2.98,36.93,18.72,33.04,18.58,
60645,28/08/2026,18:22:12,56.00,2:57,4:52,000:18,10:43,002:16,021:06,1.48,2.28,3.76,35.83,19.03,32.94,13.55,
60645,28/08/2026,18:47:54,46.00,1:53,8:43,000:22,7:55,000:00,018:53,1.72,1.65,3.37,18.49,12.15,17.94,13.58,
60645,28/08/2026,19:06:47,43.00,1:51,7:29,000:19,8:12,000:00,017:51,1.74,1.64,3.38,20.08,14.26,20.46,14.00,
60645,28/08/2026,19:24:38,52.50,2:07,7:27,000:16,6:43,002:32,019:05,1.70,1.63,3.33,20.46,14.09,25.11,16.34,
60645,28/08/2026,19:43:43,43.50,2:33,5:23,000:20,11:14,003:32,023:02,1.70,2.33,4.03,29.60,19.44,42.18,13.52,
60645,29/08/2026,00:21:25,46.00,1:35,9:09,001:29,6:40,000:00,018:53,1.83,1.58,3.41,17.83,12.45,24.23,15.85,
60645,29/08/2026,00:40:18,37.00,1:21,8:47,000:20,7:07,000:26,018:01,1.79,1.69,3.48,21.61,13.29,27.74,16.72,
60645,29/08/2026,00:58:19,46.00,1:44,7:27,000:27,7:56,000:00,017:34,1.79,1.70,3.49,26.04,14.74,31.18,14.82,
60645,29/08/2026,01:15:53,53.50,1:42,5:40,000:29,11:26,010:57,030:14,1.77,2.23,4.00,33.59,19.41,32.61,12.42,
60645,29/08/2026,02:52:35,53.50,1:42,7:19,000:56,6:46,000:26,017:09,1.79,1.71,3.50,23.19,15.21,25.88,16.55,
60645,29/08/2026,03:09:44,48.00,1:17,6:43,000:28,7:49,011:04,027:21,1.79,1.73,3.52,26.97,16.44,26.92,15.34,
60645,29/08/2026,03:37:05,49.00,1:59,9:16,003:54,10:20,002:20,075:49,1.81,9.80,11.61,18.38,12.79,35.12,4.75,
60646,24/07/2026,12:50:27,38.50,1:07,5:33,000:22,4:32,000:11,011:45,1.81,1.72,3.53,31.73,20.60,46.23,23.86,
60646,24/07/2026,13:02:12,56.00,1:35,5:40,000:20,6:54,011:51,026:20,1.70,1.76,3.46,32.00,18.59,48.04,17.35,
60646,24/07/2026,13:28:32,56.50,2:02,5:50,000:22,7:01,012:29,027:44,1.80,1.79,3.59,32.22,19.45,35.40,16.88,
60646,24/07/2026,13:56:16,54.50,1:06,6:02,000:26,4:34,000:01,012:09,1.82,1.74,3.56,30.58,18.65,43.33,23.37,
60646,24/07/2026,14:08:25,50.50,1:14,5:26,000:26,4:44,000:11,012:01,1.79,1.79,3.58,33.32,21.08,43.61,23.44,
60646,24/07/2026,14:20:26,46.00,1:21,5:51,000:32,4:58,000:12,012:54,1.83,1.77,3.60,35.78,20.25,45.85,24.10,
60646,24/07/2026,14:33:20,43.50,1:06,4:45,000:19,4:56,002:02,013:08,1.80,1.76,3.56,37.09,23.58,44.26,22.46,
60646,24/07/2026,14:46:28,45.00,1:22,5:38,000:19,7:18,000:11,014:48,1.83,1.73,3.56,32.06,20.09,31.02,14.90,
60646,24/07/2026,15:01:16,54.50,1:22,5:50,000:23,8:05,004:24,020:04,1.82,1.71,3.53,32.77,19.63,29.87,14.31,
60646,24/07/2026,15:21:20,43.50,1:16,5:42,000:21,9:06,000:04,016:29,1.70,2.27,3.97,31.89,18.45,40.32,10.23,
60646,25/07/2026,15:18:16,56.00,1:21,4:41,000:16,4:25,000:00,010:43,1.51,1.50,3.01,31.07,20.19,41.20,21.48,
60646,25/07/2026,15:28:59,54.00,1:31,4:58,000:18,3:43,000:00,010:30,1.52,1.47,2.99,31.24,18.93,44.53,24.89,
60646,25/07/2026,15:39:29,43.50,1:27,5:41,000:16,5:13,000:42,013:19,1.50,1.49,2.99,26.59,16.93,33.32,17.71,
60646,25/07/2026,15:52:48,50.50,1:48,5:09,000:15,5:53,000:23,013:28,1.50,1.50,3.00,30.91,17.99,34.90,17.14,
60646,25/07/2026,16:06:16,53.00,2:13,5:31,000:56,4:10,000:02,012:52,1.50,1.48,2.98,30.85,18.37,41.58,22.27,
60646,25/07/2026,16:19:08,43.50,2:02,4:42,000:14,5:06,003:02,015:06,1.48,1.49,2.97,32.28,20.66,36.38,18.31,
60646,25/07/2026,16:34:14,57.00,1:26,6:07,000:17,5:03,000:00,012:53,1.51,1.48,2.99,28.01,15.74,33.76,19.02,
60646,25/07/2026,16:47:07,55.00,1:21,4:35,000:16,5:43,000:00,011:55,1.48,1.50,2.98,32.39,19.90,28.23,17.81,
60646,25/07/2026,16:59:02,43.50,1:37,5:17,000:26,6:31,000:00,013:51,1.49,1.49,2.98,31.68,17.38,27.41,14.63,
60646,25/07/2026,17:12:53,50.50,1:31,4:41,000:15,4:38,000:00,011:05,1.49,1.48,2.97,34.79,19.70,35.45,19.65,
60646,25/07/2026,17:23:58,47.50,1:35,6:09,001:27,11:46,005:40,026:37,1.50,2.27,3.77,29.10,15.35,27.96,12.12,
60646,25/07/2026,18:49:22,43.50,1:05,5:37,000:13,5:22,000:11,012:28,1.50,1.49,2.99,27.96,16.42,32.55,17.33,
60646,25/07/2026,19:01:50,52.00,1:13,7:02,000:44,6:20,001:10,016:29,1.50,1.49,2.99,26.42,14.03,26.86,15.23,
60646,25/07/2026,19:18:19,47.50,1:22,6:22,000:13,5:47,000:36,014:20,1.49,1.49,2.98,28.83,14.66,32.22,16.69,
60646,25/07/2026,19:32:39,48.00,1:15,5:36,000:15,4:49,000:00,011:55,1.50,1.49,2.99,32.33,17.52,36.05,19.54,
60646,25/07/2026,19:44:34,58.00,1:25,5:40,000:13,4:07,000:00,011:25,1.51,1.50,3.01,30.42,17.02,41.74,22.69,
60646,25/07/2026,19:55:59,47.00,1:24,9:10,000:12,10:04,005:18,026:08,1.60,2.21,3.81,33.37,12.50,42.95,7.57,
60646,25/07/2026,23:54:31,54.00,3:06,8:32,003:35,5:52,001:02,046:07,5.34,1.83,7.17,31.02,14.61,34.30,19.45,
60646,26/07/2026,09:23:54,48.50,1:29,6:50,000:15,6:07,000:52,015:33,1.87,1.84,3.71,29.98,16.79,29.87,18.89,
60646,26/07/2026,09:39:27,47.00,1:47,5:55,000:16,11:32,008:55,028:25,1.86,2.44,4.30,30.42,19.24,34.68,8.80,
60646,26/07/2026,11:01:47,50.50,1:52,6:35,000:16,6:03,001:37,016:23,1.84,1.80,3.64,31.95,17.73,31.51,18.95,
60646,26/07/2026,11:18:10,53.50,1:53,5:58,000:20,5:51,000:01,014:03,1.82,1.79,3.61,27.84,18.84,31.95,19.25,
60646,26/07/2026,11:32:13,44.50,1:27,7:01,000:13,6:37,001:58,017:16,1.86,1.82,3.68,24.78,16.29,27.30,17.65,
60646,26/07/2026,11:49:29,45.00,2:10,5:48,000:13,5:04,001:44,014:59,1.85,1.80,3.65,33.10,19.84,36.11,22.40,
60646,26/07/2026,12:04:28,40.00,1:31,5:04,000:13,2:52,000:46,070:26,1.83,15.97,17.80,34.85,22.12,46.50,12.41,
60646,26/07/2026,15:34:33,43.00,2:31,7:15,000:27,7:16,000:00,017:29,1.62,1.64,3.26,22.26,14.04,25.22,14.13,
60646,26/07/2026,15:52:02,42.50,2:38,6:47,000:24,7:47,000:00,017:36,1.62,1.64,3.26,23.58,14.88,27.90,13.18,
60646,26/07/2026,16:09:38,42.50,2:15,6:38,000:20,6:44,000:05,016:02,1.62,1.61,3.23,25.38,15.19,25.71,14.78,
60646,26/07/2026,16:25:40,49.50,2:03,6:50,000:17,7:36,001:55,018:41,1.60,1.61,3.21,26.70,14.59,25.98,13.25,
60646,26/07/2026,16:44:21,57.50,2:20,7:10,001:58,6:18,000:00,017:46,1.58,1.61,3.19,20.79,13.83,25.93,15.74,
60646,26/07/2026,17:02:07,53.00,2:19,6:44,000:19,6:45,001:56,018:03,1.61,1.60,3.21,23.85,15.24,27.41,14.77,
60646,26/07/2026,17:20:10,51.00,1:42,8:25,000:25,10:46,002:08,023:26,1.59,1.74,3.33,19.04,11.70,17.89,5.61,
60646,26/07/2026,18:51:27,50.00,2:26,6:31,000:21,7:26,000:45,017:29,1.60,1.62,3.22,24.62,15.13,26.37,13.85,
60646,26/07/2026,19:08:56,49.50,2:27,7:04,000:24,7:18,000:00,017:13,1.58,1.63,3.21,23.25,14.35,27.52,13.70,
60646,26/07/2026,19:26:09,57.00,2:24,5:35,000:20,14:59,008:44,032:02,1.55,2.45,4.00,31.51,17.19,24.89,5.75,
60646,26/07/2026,23:34:19,42.50,2:05,7:53,000:21,8:10,010:19,028:48,1.82,1.61,3.43,23.91,14.35,23.52,12.73,
60646,27/07/2026,00:03:07,57.00,1:45,7:25,000:16,6:59,000:03,016:28,1.61,1.61,3.22,19.58,13.53,24.45,14.29,
60646,27/07/2026,00:19:35,49.00,2:34,7:00,000:23,7:35,000:06,017:38,1.63,1.63,3.26,20.90,14.43,18.16,13.35,
60646,27/07/2026,00:37:13,48.00,2:20,6:44,000:24,7:19,000:00,016:47,1.62,1.62,3.24,23.14,14.98,22.97,13.78,
60646,27/07/2026,00:54:00,58.50,2:29,6:52,000:21,7:05,000:24,017:11,1.62,1.63,3.25,24.23,14.58,27.84,14.87,
60646,27/07/2026,01:11:11,54.50,2:17,6:06,000:17,4:23,000:00,013:03,1.62,1.60,3.22,27.84,16.51,42.57,22.64,
60646,27/07/2026,01:24:14,54.50,2:29,4:30,000:17,6:34,004:28,018:18,1.62,1.59,3.21,32.88,22.53,47.76,23.45,
60646,27/07/2026,02:40:16,51.50,1:56,4:39,000:16,3:51,000:04,010:46,1.62,1.58,3.20,36.65,21.65,40.76,25.81,
60646,27/07/2026,02:51:02,53.50,1:45,6:00,000:17,6:47,003:19,018:08,1.64,1.61,3.25,38.62,17.38,25.71,15.02,
60646,27/07/2026,03:09:10,47.50,2:42,7:59,000:19,8:10,000:02,019:12,1.62,1.63,3.25,25.93,12.80,21.00,12.29,
60646,27/07/2026,03:28:22,52.50,1:59,8:19,000:22,10:09,002:25,023:14,1.63,1.62,3.25,18.49,12.11,23.03,10.14,
60646,27/07/2026,03:51:36,48.50,2:24,9:55,000:17,2:57,001:55,065:28,1.62,15.90,17.52,20.24,10.09,39.12,18.92,
60646,27/07/2026,07:11:45,40.50,1:11,5:37,000:17,5:26,000:00,012:31,1.82,1.74,3.56,31.29,19.72,34.30,21.39,
60646,27/07/2026,07:26:40,39.00,2:10,4:11,000:12,4:49,000:00,011:22,1.43,1.48,2.91,29.60,21.01,34.14,19.54,
60646,27/07/2026,07:38:02,54.50,1:44,4:55,000:13,6:25,001:30,014:47,1.71,1.74,3.45,30.47,21.14,30.69,18.65,
60646,27/07/2026,07:52:49,31.50,0:39,5:47,000:14,5:55,000:00,012:35,1.84,1.85,3.69,29.49,19.41,32.11,19.27,
60646,27/07/2026,08:05:24,40.00,0:55,5:37,000:14,5:57,000:00,012:43,1.83,1.84,3.67,31.84,19.94,33.48,20.09,
60646,27/07/2026,08:18:07,32.50,1:08,5:55,000:13,7:14,006:54,021:24,1.84,1.87,3.71,27.41,19.16,33.15,17.92,
60646,27/07/2026,08:39:31,39.00,1:26,5:43,000:24,5:43,000:00,013:16,1.83,1.84,3.67,30.75,19.63,34.52,20.04,
60646,27/07/2026,08:52:47,48.00,1:18,6:01,000:12,5:52,006:47,020:10,1.84,1.83,3.67,30.20,19.24,34.68,19.77,
60646,27/07/2026,09:12:57,49.50,1:25,5:27,000:16,5:13,000:00,012:21,1.83,1.82,3.65,31.68,20.68,34.19,21.35,
60646,27/07/2026,09:25:18,56.50,1:58,6:13,000:17,7:50,008:55,025:13,1.83,1.82,3.65,28.45,19.10,34.47,5.17,
60646,27/07/2026,10:47:01,49.50,1:52,5:39,000:13,5:01,000:00,012:45,1.60,1.63,3.23,26.59,17.28,35.23,20.30,
60646,27/07/2026,10:59:46,53.00,1:06,5:18,001:35,5:50,001:22,015:11,1.60,1.68,3.28,29.38,19.12,43.00,18.15,
60646,27/07/2026,11:14:57,33.50,1:22,6:12,000:30,5:10,000:00,013:14,1.61,1.65,3.26,27.41,16.22,34.58,19.48,
60646,27/07/2026,11:28:11,49.00,2:07,5:08,000:23,5:33,000:00,013:11,1.61,1.64,3.25,31.95,19.48,39.34,19.99,
60646,27/07/2026,11:41:22,45.50,1:24,5:23,000:16,5:23,000:00,012:26,1.61,1.64,3.25,28.56,18.51,34.68,18.90,
60646,27/07/2026,11:53:48,46.00,1:25,5:26,000:28,4:33,000:00,011:52,1.61,1.63,3.24,27.41,18.13,36.49,22.35,
60646,27/07/2026,12:05:40,39.50,1:53,3:28,004:36,5:18,080:48,0:03,1.30,8.51,9.81,33.37,22.96,47.82,5.00,
60646,31/07/2026,09:18:52,53.50,1:21,5:01,000:14,5:51,001:46,014:13,1.74,1.76,3.50,33.32,21.41,40.43,21.34,
60646,31/07/2026,09:33:05,56.00,1:19,4:56,000:13,10:56,009:22,026:46,1.75,2.50,4.25,32.17,21.72,39.50,15.44,
60646,31/07/2026,11:00:09,58.00,1:23,5:24,000:20,5:24,000:00,012:31,1.77,1.76,3.53,26.42,20.10,28.45,19.75,
60646,31/07/2026,11:12:40,48.50,1:34,5:39,000:15,5:17,000:23,013:08,1.80,1.76,3.56,28.17,19.72,32.94,20.60,
60646,31/07/2026,11:25:48,54.00,1:43,5:41,000:26,5:52,000:00,013:42,1.79,1.78,3.57,27.46,19.35,30.69,18.82,
60646,31/07/2026,11:39:30,58.50,1:39,5:33,000:15,5:17,000:00,012:44,1.75,1.72,3.47,32.28,19.47,34.47,20.79,
60646,31/07/2026,11:52:14,47.50,1:36,5:43,000:23,4:43,000:00,012:25,1.79,1.79,3.58,30.31,19.34,42.57,23.14,
60646,31/07/2026,12:04:39,53.50,1:15,4:14,000:18,11:31,010:17,075:35,1.69,16.29,17.98,39.50,24.80,57.56,12.94,
60646,01/08/2026,07:23:13,54.50,1:29,6:13,000:27,6:23,001:30,016:02,1.79,1.75,3.54,26.86,18.06,30.53,17.39,
60646,01/08/2026,07:39:15,56.50,2:49,6:03,000:22,5:26,000:00,014:40,1.77,1.73,3.50,28.23,18.34,30.97,20.19,
60646,01/08/2026,07:53:55,51.00,1:54,5:52,000:20,5:04,000:00,013:10,1.80,1.75,3.55,28.67,18.92,31.89,21.23,
60646,01/08/2026,08:07:05,59.50,1:26,5:52,000:23,4:55,000:00,012:36,1.81,1.75,3.56,28.78,18.91,32.39,21.89,
60646,01/08/2026,08:19:41,56.50,1:49,5:29,000:19,4:56,000:00,012:33,1.76,1.72,3.48,30.09,20.03,32.61,21.58,
60646,01/08/2026,08:32:14,43.00,1:22,5:57,000:25,6:02,000:00,013:46,1.79,1.77,3.56,29.32,18.69,31.29,19.44,
60646,01/08/2026,08:46:00,57.50,1:35,6:17,000:23,5:27,000:00,013:42,1.81,1.75,3.56,28.01,18.20,32.44,19.79,
60646,01/08/2026,08:59:42,49.50,1:50,5:54,000:25,5:52,001:23,015:24,1.80,1.75,3.55,29.10,19.01,30.09,18.50,
60646,01/08/2026,09:15:06,59.00,1:46,5:48,000:19,5:13,000:00,013:06,1.81,1.78,3.59,28.45,19.38,33.64,20.94,
60646,01/08/2026,09:28:12,58.00,1:32,6:11,000:20,11:57,002:38,022:38,1.80,2.57,4.37,28.01,18.39,31.40,13.63,
60646,01/08/2026,10:48:28,49.00,1:18,6:19,000:22,6:04,000:41,014:44,1.81,1.76,3.57,26.10,17.94,29.87,17.88,
60646,01/08/2026,11:03:12,47.50,1:19,5:48,000:22,6:57,000:00,014:26,1.80,1.77,3.57,28.45,19.09,26.37,16.09,
60646,01/08/2026,11:17:38,56.50,1:48,6:22,000:20,6:14,001:22,016:06,1.82,1.73,3.55,28.28,17.82,29.05,17.67,
60646,01/08/2026,11:33:44,50.00,1:38,6:31,000:27,5:20,001:32,015:28,1.81,1.75,3.56,28.56,17.30,31.18,20.40,
60646,01/08/2026,11:49:12,56.50,1:45,5:47,000:20,4:37,000:00,012:29,1.80,1.75,3.55,30.69,19.53,36.82,23.12,
60646,01/08/2026,12:01:41,41.00,1:25,5:03,008:33,2:40,007:45,073:26,1.79,15.29,17.08,33.43,22.14,49.29,18.77,
60646,02/08/2026,08:00:09,46.50,2:13,5:33,000:26,5:45,001:32,015:29,1.25,1.24,2.49,22.81,14.16,27.52,15.12,
60646,02/08/2026,08:15:38,58.00,3:02,5:20,000:37,5:09,003:03,017:11,1.26,1.23,2.49,25.60,14.91,25.93,15.44,
60646,02/08/2026,08:32:49,53.00,2:03,5:05,000:19,6:56,016:31,030:54,1.25,1.31,2.56,26.70,15.91,27.41,12.78,
60646,02/08/2026,09:03:43,50.00,1:35,5:12,000:17,4:48,000:00,011:52,1.29,1.25,2.54,24.84,16.19,27.57,16.67,
60646,02/08/2026,09:15:35,46.00,1:47,5:13,000:40,5:13,000:25,013:18,1.27,1.25,2.52,23.69,15.55,25.98,15.77,
60646,02/08/2026,09:28:53,59.50,1:47,5:09,000:24,11:51,010:25,029:36,1.28,1.97,3.25,23.41,15.61,27.24,11.42,
60646,02/08/2026,11:00:19,56.50,2:17,5:16,000:26,5:47,000:00,013:46,1.28,1.29,2.57,25.16,15.82,24.56,14.20,
60646,02/08/2026,11:14:05,51.50,2:04,4:45,000:26,6:29,003:00,016:44,1.27,1.32,2.59,24.29,16.64,23.41,13.07,
60646,02/08/2026,11:30:49,51.00,1:47,5:22,000:22,5:08,000:00,012:39,1.35,1.25,2.60,24.23,15.73,26.26,15.12,
60646,02/08/2026,11:43:28,56.00,2:23,5:16,000:24,6:12,000:15,014:30,1.27,1.24,2.51,26.37,16.25,27.90,13.16,
60646,02/08/2026,11:57:58,52.00,2:29,6:54,000:24,11:13,001:47,022:47,1.27,2.51,3.78,18.87,13.01,32.39,15.17,
60646,02/08/2026,15:14:24,48.00,1:08,5:57,000:15,7:02,010:15,024:37,1.81,1.45,3.26,29.71,18.91,26.97,13.60,
60646,02/08/2026,15:39:01,57.00,1:37,6:03,000:19,6:00,000:01,014:00,1.45,1.45,2.90,23.47,15.28,27.08,15.00,
60646,02/08/2026,15:53:01,53.00,1:45,5:58,000:19,5:50,000:01,013:53,1.46,1.45,2.91,22.97,15.40,27.79,15.37,
60646,02/08/2026,16:06:54,59.00,2:01,5:56,000:17,5:48,000:01,014:03,1.46,1.44,2.90,23.41,15.34,28.01,15.34,
60646,02/08/2026,16:20:57,53.00,1:52,5:54,000:17,6:00,000:00,014:03,1.47,1.45,2.92,25.05,15.80,28.17,16.45,
60646,02/08/2026,16:35:00,54.00,1:50,6:02,000:19,5:42,000:01,013:54,1.45,1.43,2.88,23.25,15.35,24.95,15.65,
60646,02/08/2026,16:48:54,49.00,1:40,5:35,000:18,6:18,000:01,013:52,1.46,1.43,2.89,27.74,16.60,24.23,15.57,
60646,02/08/2026,17:02:46,49.00,1:46,5:13,000:29,6:19,000:00,013:47,1.47,1.43,2.90,29.98,17.62,32.39,15.59,
60646,02/08/2026,17:16:33,58.50,1:46,5:49,000:16,6:44,000:00,014:35,1.49,1.45,2.94,24.89,15.84,28.23,15.40,
60646,02/08/2026,17:31:08,50.50,1:52,5:50,000:17,11:49,000:00,019:48,1.48,2.12,3.60,24.34,15.87,32.94,13.02,
60646,02/08/2026,18:40:57,59.50,1:52,5:34,000:16,5:31,000:01,013:14,1.49,1.45,2.94,24.89,16.69,26.10,16.36,
60646,02/08/2026,18:54:11,46.00,1:53,5:44,000:18,5:15,000:00,013:10,1.50,1.42,2.92,24.84,16.55,25.00,16.94,
60646,02/08/2026,19:07:21,51.00,1:55,5:35,000:18,5:40,000:00,013:28,1.49,1.43,2.92,28.06,16.69,24.89,16.39,
60646,02/08/2026,19:20:49,50.50,1:52,6:04,000:16,5:40,000:00,013:52,1.45,1.42,2.87,22.59,15.15,24.89,15.56,
60646,02/08/2026,19:34:41,52.00,1:31,5:51,000:16,6:48,000:00,014:26,1.46,1.42,2.88,23.52,15.74,23.14,13.25,
60646,02/08/2026,19:49:07,52.50,1:55,6:19,001:55,13:38,009:55,033:42,1.37,2.38,3.75,20.08,13.45,26.42,11.86,
60646,02/08/2026,23:21:08,49.50,1:09,6:56,000:22,5:57,000:00,014:24,1.79,1.77,3.56,25.05,17.08,29.54,18.37,
60646,02/08/2026,23:35:32,49.00,1:33,6:17,000:20,5:57,000:00,014:07,1.81,1.77,3.58,29.38,17.94,35.45,18.51,
60646,02/08/2026,23:49:39,57.00,1:48,5:56,000:18,5:33,000:43,014:18,1.80,1.78,3.58,32.17,19.01,36.33,19.74,
60646,03/08/2026,00:03:57,51.00,1:36,6:03,000:23,5:07,000:15,013:24,1.81,1.78,3.59,29.10,18.75,36.16,21.42,
60646,03/08/2026,00:17:21,48.50,1:35,6:57,000:41,5:57,000:14,015:24,1.80,1.76,3.56,30.20,17.36,29.60,18.69,
60646,03/08/2026,00:32:45,53.50,1:56,6:11,000:26,6:11,000:02,014:46,1.80,1.77,3.57,31.46,18.22,36.16,17.97,
60646,03/08/2026,00:47:31,51.00,1:23,6:12,000:22,5:18,001:04,014:19,1.80,1.77,3.57,33.15,18.45,34.41,21.04,
60646,03/08/2026,01:01:50,59.00,1:30,6:06,000:29,6:50,003:32,018:27,1.81,1.72,3.53,29.76,18.78,31.79,16.77,
60646,03/08/2026,01:20:17,48.00,1:50,5:14,000:17,5:54,001:11,014:26,1.75,1.78,3.53,33.86,20.93,34.36,18.90,
60646,03/08/2026,01:34:43,50.00,1:12,5:54,000:21,5:13,001:17,013:57,1.82,1.75,3.57,32.82,19.32,37.69,20.98,
60646,03/08/2026,01:48:40,42.50,1:33,5:53,000:18,5:57,000:05,013:46,1.81,1.76,3.57,31.68,19.45,31.18,18.66,
60646,03/08/2026,02:02:26,53.00,1:41,6:08,000:18,6:02,000:00,014:09,1.70,1.63,3.33,30.25,17.74,29.49,17.65,
60646,03/08/2026,02:16:35,49.00,1:15,7:18,000:29,5:34,000:12,014:48,1.71,1.63,3.34,27.68,15.38,35.51,18.43,
60646,03/08/2026,02:31:23,50.50,1:32,5:45,000:32,7:58,004:02,067:49,1.48,13.68,15.16,31.29,17.06,38.08,15.17,
60646,03/08/2026,07:27:40,49.50,3:46,6:23,000:27,7:11,012:58,030:45,1.47,1.45,2.92,23.96,14.84,25.22,12.78,
60646,03/08/2026,07:58:25,50.50,3:09,6:05,000:26,5:54,000:00,015:34,1.47,1.44,2.91,23.19,15.09,24.23,15.13,
60646,03/08/2026,08:13:59,59.00,4:17,6:07,000:18,6:08,000:00,016:50,1.47,1.43,2.90,22.97,15.04,27.24,14.80,
60646,03/08/2026,08:30:49,52.50,5:02,6:22,000:22,6:31,000:00,018:17,1.45,1.45,2.90,20.57,14.42,27.41,14.19,
60646,03/08/2026,08:49:06,49.50,4:40,7:35,001:31,5:49,000:01,019:36,1.50,1.44,2.94,21.12,12.94,27.74,15.70,
60646,03/08/2026,09:08:42,53.00,4:19,6:30,000:35,7:09,001:24,019:57,1.48,1.43,2.91,23.25,14.29,25.11,14.05,
60646,03/08/2026,09:28:39,57.00,4:24,6:18,056:15,13:17,008:45,088:59,1.37,2.20,3.57,24.13,13.78,25.77,11.05,
60646,03/08/2026,10:59:43,52.00,4:54,6:04,000:17,4:49,000:00,016:04,1.34,1.30,2.64,25.38,14.16,27.41,17.02,
60646,03/08/2026,11:15:47,57.50,3:37,5:06,000:16,5:21,000:18,014:38,1.33,1.30,2.63,26.42,16.12,27.90,15.57,
60646,03/08/2026,11:30:25,57.00,5:20,6:07,012:28,5:32,002:05,031:32,1.33,1.31,2.64,23.19,14.27,28.39,16.02,
60646,03/08/2026,12:01:57,53.50,3:41,4:47,000:15,9:01,000:00,017:44,1.34,2.35,3.69,32.44,18.61,35.01,17.39,
60646,03/08/2026,15:51:28,52.50,1:05,5:28,000:25,4:34,000:00,011:32,1.66,1.67,3.33,33.32,19.80,40.54,22.65,
60646,03/08/2026,16:03:00,58.50,1:22,5:21,000:22,5:55,002:32,015:32,1.88,1.85,3.73,32.88,21.59,35.56,19.67,
60646,03/08/2026,16:18:32,56.50,1:02,5:47,001:02,5:56,007:57,021:44,1.67,1.64,3.31,37.31,21.65,40.60,18.76,
60646,03/08/2026,16:40:16,53.00,1:23,5:11,000:20,4:32,000:00,011:26,1.68,1.66,3.34,37.42,20.96,40.81,23.28,
60646,03/08/2026,16:51:42,52.00,1:09,6:21,000:19,4:49,000:00,012:38,1.67,1.66,3.33,39.94,20.31,39.99,23.64,
60646,03/08/2026,17:04:20,48.00,1:07,5:18,000:18,5:00,000:00,011:43,1.68,1.67,3.35,36.43,21.26,44.15,23.34,
60646,03/08/2026,17:16:03,55.50,1:10,7:08,000:22,4:42,000:00,013:22,1.68,1.65,3.33,30.97,17.88,37.80,22.05,
60646,03/08/2026,17:29:25,46.50,1:11,5:38,000:20,12:30,006:14,025:53,1.70,2.33,4.03,38.84,19.70,34.68,12.41,
60646,03/08/2026,23:06:55,34.50,1:39,4:26,000:16,4:40,000:00,011:01,1.79,1.76,3.55,39.17,24.87,42.24,23.33,
60646,03/08/2026,23:17:56,45.50,1:38,4:35,000:19,11:56,002:11,020:39,1.78,2.44,4.22,37.64,23.67,33.21,13.80,
60646,04/08/2026,00:07:49,51.00,0:36,4:05,000:14,9:34,000:12,014:41,1.51,2.06,3.57,34.41,23.38,32.77,14.50,
60646,04/08/2026,08:05:16,52.00,2:23,5:11,000:18,3:33,000:00,011:25,1.06,0.99,2.05,33.76,14.13,35.67,17.39,
60646,04/08/2026,08:16:41,59.50,2:18,4:40,000:16,4:03,001:15,012:32,1.04,1.00,2.04,28.72,14.70,34.25,16.20,
60646,04/08/2026,08:29:13,49.50,1:44,7:00,000:17,5:13,002:31,016:45,1.03,1.08,2.11,26.48,14.51,26.59,14.08,
60646,04/08/2026,08:45:58,50.00,3:46,7:53,000:16,4:16,000:00,016:11,1.14,1.10,2.24,24.62,10.28,28.17,16.30,
60646,04/08/2026,09:02:09,49.00,4:41,5:51,000:18,5:30,000:00,016:20,1.11,1.09,2.20,27.96,14.62,29.43,14.11,
60646,04/08/2026,09:18:29,52.00,3:29,4:29,000:17,4:23,000:16,012:54,1.11,1.09,2.20,28.01,16.13,30.47,17.49,
60646,04/08/2026,09:31:23,52.50,3:10,5:45,000:16,6:53,006:53,022:57,1.13,1.06,2.19,31.18,12.98,23.25,12.22,
60646,04/08/2026,10:58:31,58.00,2:16,6:45,000:28,6:12,002:01,017:42,1.64,1.57,3.21,24.78,15.43,32.72,20.58,
60646,04/08/2026,11:16:13,67.00,2:52,5:30,000:40,5:02,001:33,015:37,1.67,1.58,3.25,28.99,19.32,35.78,20.24,
60646,04/08/2026,11:31:50,47.00,2:24,5:59,000:13,4:50,000:00,013:26,1.64,1.60,3.24,25.49,16.93,37.20,22.90,
60646,04/08/2026,11:45:16,55.50,1:50,4:34,000:19,5:27,001:34,013:44,1.57,1.53,3.10,34.63,22.16,27.14,17.74,
60646,04/08/2026,11:59:00,57.00,1:53,6:46,001:17,1:34,015:08,086:38,1.64,15.64,17.28,25.49,14.99,42.62,16.18,
60646,04/08/2026,15:26:00,58.00,2:20,5:20,000:24,4:57,000:00,013:01,1.65,1.55,3.20,27.68,19.24,26.59,19.28,
60646,04/08/2026,15:39:01,47.50,1:39,5:09,000:24,4:52,000:00,012:04,1.58,1.55,3.13,26.26,18.87,26.75,19.61,
60646,04/08/2026,15:51:05,46.00,1:37,5:24,001:16,3:42,000:00,011:59,1.08,1.01,2.09,24.67,13.35,25.38,16.86,
60646,04/08/2026,16:03:04,51.00,2:08,5:10,001:53,14:24,035:13,22:48,1.06,17.12,18.18,26.31,13.44,34.47,14.59,
60646,04/08/2026,23:07:53,39.50,1:23,4:56,000:27,4:56,000:00,011:42,1.59,1.57,3.16,35.01,20.34,27.74,19.50,
60646,04/08/2026,23:19:35,54.00,1:55,5:19,000:25,6:26,000:00,014:05,1.58,1.55,3.13,34.14,19.26,28.06,16.33,
60646,04/08/2026,23:33:40,55.00,1:43,5:38,000:25,6:03,000:48,014:37,1.73,1.68,3.41,34.63,19.96,33.54,18.79,
60646,04/08/2026,23:48:17,53.50,1:52,7:14,008:15,6:05,000:00,023:26,1.77,1.69,3.46,23.52,15.23,25.38,17.78,
60646,05/08/2026,00:11:43,56.50,1:38,6:08,000:22,6:43,000:00,014:51,1.74,1.70,3.44,25.05,17.50,25.98,16.08,
60646,05/08/2026,00:26:34,58.50,1:55,5:57,000:28,13:29,008:55,030:44,1.75,2.45,4.20,31.62,18.10,34.90,13.10,
60646,05/08/2026,07:28:18,57.50,2:00,4:42,000:17,6:19,000:00,013:18,1.61,1.59,3.20,33.81,21.52,25.38,15.52,
60646,05/08/2026,07:41:36,56.50,1:45,4:46,000:19,5:33,001:58,014:21,1.63,1.61,3.24,36.16,21.44,35.83,18.26,
60646,05/08/2026,07:55:57,53.00,2:15,5:17,000:16,5:16,000:00,013:04,1.64,1.62,3.26,34.36,20.66,33.26,18.92,
60646,05/08/2026,08:09:01,51.50,2:10,4:28,000:20,4:49,000:00,011:47,1.64,1.61,3.25,35.73,23.32,39.23,20.50,
60646,05/08/2026,08:20:48,59.00,2:07,6:12,000:17,4:56,000:00,013:32,1.68,1.63,3.31,40.87,18.71,33.43,20.25,
60646,05/08/2026,08:34:20,57.50,1:55,4:48,000:48,4:52,000:00,012:23,1.64,1.62,3.26,35.89,21.41,34.58,20.55,
60646,05/08/2026,08:46:43,47.00,2:14,4:43,000:24,4:36,000:00,011:57,1.65,1.62,3.27,34.08,22.21,37.47,21.69,
60646,05/08/2026,08:58:40,59.00,2:26,5:21,000:31,4:39,000:00,012:57,1.64,1.63,3.27,35.07,20.68,36.43,21.59,
60646,05/08/2026,09:11:37,50.50,2:45,4:41,000:22,4:55,000:01,012:44,1.66,1.65,3.31,36.93,22.77,36.16,21.09,
60646,05/08/2026,09:24:21,56.50,2:10,5:51,000:24,14:30,000:41,023:36,1.70,3.57,5.27,36.71,18.20,37.37,15.47,
60646,05/08/2026,10:47:34,59.50,2:38,4:48,000:17,5:04,000:00,012:47,1.67,1.65,3.32,34.96,22.13,32.82,20.04,
60646,05/08/2026,11:00:21,55.00,2:11,5:19,000:14,3:32,000:00,011:16,1.75,1.12,2.87,34.08,21.00,36.93,19.82,
60646,05/08/2026,11:11:37,47.50,1:30,4:43,000:22,4:57,000:00,011:32,1.67,1.64,3.31,34.96,22.68,35.45,20.49,
60646,05/08/2026,11:23:09,53.50,2:00,4:49,000:13,5:16,001:09,013:27,1.68,1.67,3.35,33.92,21.69,36.71,20.17,
60646,05/08/2026,11:36:36,47.50,1:35,5:49,001:25,5:02,000:13,014:04,1.67,1.65,3.32,29.93,18.48,42.07,20.24,
60646,05/08/2026,11:50:40,56.50,2:43,7:04,014:52,10:47,006:52,090:18,1.71,15.73,17.44,26.59,15.26,49.41,17.30,
60646,05/08/2026,15:15:00,56.50,1:19,4:57,000:24,4:56,000:00,011:36,1.57,1.54,3.11,31.18,20.37,37.20,21.27,
60646,05/08/2026,15:26:36,46.50,1:51,5:00,000:24,5:50,000:00,013:05,1.50,1.49,2.99,31.18,19.47,25.11,15.63,
60646,05/08/2026,15:39:41,58.00,1:36,5:33,000:29,5:09,000:00,012:47,1.52,1.51,3.03,27.57,17.38,30.20,18.02,
60646,05/08/2026,15:52:28,50.50,1:51,5:01,000:51,4:01,000:00,011:44,1.53,1.49,3.02,32.33,19.30,38.62,23.33,
60646,05/08/2026,16:04:12,44.50,1:31,4:29,000:30,4:43,000:00,011:13,1.54,1.50,3.04,43.27,22.37,36.71,20.37,
60646,05/08/2026,16:15:25,64.00,2:27,5:31,000:33,4:24,001:44,014:39,1.59,1.51,3.10,30.97,19.33,39.83,22.12,
60646,05/08/2026,16:30:04,56.00,1:52,3:57,000:28,3:54,000:02,010:13,1.54,1.51,3.05,41.52,24.35,43.93,24.71,
60646,05/08/2026,16:40:17,58.00,1:57,4:24,000:30,4:14,000:30,011:35,1.53,1.52,3.05,37.26,22.80,42.51,23.37,
60646,05/08/2026,16:51:52,57.00,1:24,4:38,000:20,5:08,000:00,011:30,1.54,1.49,3.03,36.55,21.23,34.58,20.88,
60646,05/08/2026,17:03:22,59.50,1:48,5:03,000:25,4:40,001:01,012:57,1.57,1.53,3.10,33.86,19.82,35.89,20.35,
60646,05/08/2026,17:16:19,54.50,2:51,5:11,000:18,6:35,000:48,015:43,1.58,1.54,3.12,33.70,19.73,35.51,15.10,
60646,05/08/2026,17:32:02,56.00,1:29,4:54,057:53,7:52,005:59,078:07,1.52,1.33,2.85,35.18,19.80,29.16,11.50,
60646,05/08/2026,18:50:09,48.50,1:50,5:54,000:22,5:32,000:00,013:38,1.57,1.54,3.11,27.84,16.54,27.90,17.15,
60646,05/08/2026,19:03:47,49.50,1:54,5:47,000:24,5:21,000:41,014:07,1.58,1.55,3.13,32.39,17.19,35.94,18.55,
60646,05/08/2026,19:17:54,56.00,2:08,5:05,000:24,5:19,000:38,013:34,1.54,1.49,3.03,33.86,18.96,29.76,17.71,
60646,05/08/2026,19:31:28,53.00,1:46,6:05,000:22,6:24,000:02,014:39,1.56,1.55,3.11,31.35,16.23,29.54,16.49,
60646,05/08/2026,19:46:07,49.50,2:47,6:52,000:24,15:51,006:42,032:36,1.60,1.72,3.32,26.15,14.57,30.97,9.16,
60646,06/08/2026,10:22:25,59.00,2:07,6:34,000:16,8:00,000:54,017:51,1.76,1.73,3.49,27.08,16.64,42.02,16.04,
60646,06/08/2026,10:40:16,54.50,1:25,5:36,000:21,6:42,000:00,014:04,1.76,1.75,3.51,32.72,20.82,39.94,18.52,
60646,06/08/2026,10:54:20,52.00,1:24,5:16,000:16,4:47,000:49,012:32,1.77,1.70,3.47,36.27,20.90,43.39,22.56,
60646,06/08/2026,11:06:52,59.00,1:17,5:04,000:18,5:50,000:50,013:19,1.75,1.70,3.45,33.64,21.61,47.27,21.79,
60646,06/08/2026,11:20:11,41.00,1:22,4:50,000:16,4:03,000:00,010:31,1.76,1.70,3.46,34.63,22.47,47.00,25.95,
60646,06/08/2026,11:30:42,57.50,1:23,6:32,000:13,4:01,000:00,012:09,1.78,1.71,3.49,31.07,16.95,53.07,27.57,
60646,06/08/2026,11:42:51,44.00,3:29,4:51,008:34,1:09,012:39,090:42,1.80,15.19,16.99,35.56,24.01,38.73,15.52,
60646,06/08/2026,15:52:39,56.50,1:59,5:44,001:37,5:20,000:40,015:20,1.61,1.30,2.91,26.04,17.73,26.20,15.20,
60646,06/08/2026,16:07:59,52.00,1:35,5:19,001:10,5:15,000:00,013:19,1.58,1.52,3.10,28.23,18.52,26.80,17.74,
60646,06/08/2026,16:21:18,50.50,2:07,5:06,000:23,4:55,000:00,012:31,1.62,1.55,3.17,28.17,20.15,27.96,19.49,
60646,06/08/2026,16:33:49,53.50,2:02,4:59,000:22,4:42,000:02,012:07,1.60,1.53,3.13,30.09,20.32,28.28,19.88,
60646,06/08/2026,16:45:56,47.50,2:07,5:38,000:31,5:15,000:03,013:34,1.62,1.52,3.14,28.67,18.93,32.11,17.90,
60646,06/08/2026,16:59:30,53.00,2:53,5:47,000:23,4:55,000:00,013:58,1.61,1.56,3.17,26.37,17.37,27.02,19.36,
60646,06/08/2026,17:13:28,49.50,2:25,5:20,000:23,5:01,000:00,013:09,1.59,1.57,3.16,26.53,18.61,27.35,19.06,
60646,06/08/2026,17:26:37,53.50,2:38,5:44,000:28,9:19,003:30,021:39,1.62,1.55,3.17,25.38,17.71,24.07,10.49,
60646,06/08/2026,18:45:19,58.50,2:00,6:17,000:21,5:38,000:33,014:49,1.63,1.57,3.20,24.51,16.26,28.06,17.28,
60646,06/08/2026,19:00:08,57.00,1:54,6:06,000:23,5:35,001:18,015:16,1.62,1.56,3.18,24.45,16.75,27.96,17.54,
60646,06/08/2026,19:15:24,49.00,1:50,5:29,000:33,8:21,000:00,016:13,1.61,1.35,2.96,28.23,18.19,22.65,11.68,
60646,07/08/2026,08:47:51,53.50,2:04,5:28,000:17,6:25,000:00,014:14,1.71,1.75,3.46,28.50,19.36,28.17,16.68,
60646,07/08/2026,09:02:05,48.50,1:32,5:49,000:15,6:04,000:00,013:40,1.81,1.65,3.46,28.06,19.32,28.34,16.60,
60646,07/08/2026,09:15:45,55.50,2:03,5:40,000:20,6:12,000:00,014:15,1.77,1.61,3.38,28.06,19.54,28.01,16.28,
60646,07/08/2026,09:30:00,60.50,2:33,5:29,002:18,7:09,000:00,017:29,1.69,1.74,3.43,28.23,19.13,28.39,15.14,
60646,07/08/2026,10:46:48,45.00,2:05,5:22,000:14,5:34,000:00,013:15,1.69,1.63,3.32,28.78,19.72,25.98,17.92,
60646,07/08/2026,11:00:03,50.00,2:09,5:32,000:15,6:16,000:00,014:12,1.69,1.75,3.44,29.05,19.08,26.26,17.07,
60646,07/08/2026,11:14:15,48.50,1:25,6:35,001:18,5:30,000:42,015:30,1.81,1.61,3.42,28.45,18.56,26.04,18.12,
60646,07/08/2026,11:29:45,51.50,1:52,5:22,001:15,15:16,015:03,038:48,1.71,2.16,3.87,28.28,19.75,26.86,11.81,
60646,09/08/2026,16:34:10,47.00,1:31,6:59,000:17,7:03,006:00,021:50,1.72,1.67,3.39,27.35,16.06,27.74,15.57,
60646,09/08/2026,16:56:00,50.00,1:53,6:39,002:37,5:23,000:00,016:32,1.73,1.66,3.39,27.57,17.04,32.39,19.83,
60646,09/08/2026,17:12:32,54.00,1:26,5:36,000:17,6:23,004:45,018:27,1.70,1.65,3.35,28.34,18.78,28.23,16.22,
60646,09/08/2026,17:30:59,49.00,1:18,8:32,000:19,10:29,008:59,029:37,1.80,1.59,3.39,27.19,14.99,25.98,10.48,
60646,09/08/2026,19:30:38,56.00,1:10,6:47,002:33,8:33,000:02,019:05,1.72,1.63,3.35,24.67,15.66,19.80,11.83,
60646,09/08/2026,19:49:43,49.00,1:32,9:31,000:22,17:32,002:03,031:00,1.74,2.11,3.85,16.52,11.74,18.87,8.06,
60646,09/08/2026,23:34:47,51.50,1:46,7:09,000:16,6:56,002:44,018:51,1.75,1.62,3.37,24.67,15.12,27.63,15.68,
60646,09/08/2026,23:53:38,51.50,1:41,7:00,000:17,7:49,000:00,016:47,1.72,1.61,3.33,25.71,16.01,22.21,12.73,
60646,10/08/2026,00:10:25,57.50,1:49,6:30,000:21,6:48,002:26,017:54,1.71,1.61,3.32,24.62,16.20,23.96,14.98,
60646,10/08/2026,00:28:19,58.50,1:46,7:47,000:27,7:57,000:00,017:57,1.67,1.60,3.27,25.11,14.26,23.52,12.63,
60646,10/08/2026,00:46:16,53.50,2:16,6:46,000:14,7:25,000:00,016:41,1.64,1.61,3.25,24.67,15.16,24.95,14.63,
60646,10/08/2026,01:02:57,57.00,1:41,7:24,000:49,6:23,001:42,017:59,1.66,1.60,3.26,26.20,14.24,30.58,15.51,
60646,10/08/2026,01:20:56,53.50,3:08,6:13,000:17,6:44,000:00,016:22,1.68,1.61,3.29,27.02,16.79,22.92,14.55,
60646,10/08/2026,01:37:18,51.50,2:01,6:32,000:15,6:43,000:00,015:31,1.68,1.58,3.26,28.56,16.07,25.11,14.81,
60646,10/08/2026,01:52:49,58.50,1:46,6:55,000:18,7:39,001:29,018:07,1.69,1.59,3.28,28.01,16.07,28.01,14.22,
60646,10/08/2026,02:10:56,56.00,2:18,6:42,000:19,7:01,002:15,018:35,1.67,1.60,3.27,28.28,16.36,27.90,15.06,
60646,10/08/2026,02:29:31,51.00,2:28,5:36,000:15,2:25,013:48,084:32,1.67,15.19,16.86,30.31,18.49,35.40,15.66,
60646,10/08/2026,09:05:33,37.50,0:36,6:41,000:24,5:58,000:00,013:39,1.74,1.69,3.43,29.38,16.92,41.58,18.03,
60646,10/08/2026,09:19:12,52.00,1:30,6:01,000:14,5:43,003:46,017:14,1.76,1.66,3.42,32.72,17.95,36.77,18.29,
60646,10/08/2026,09:36:26,52.50,1:52,5:17,000:12,10:07,007:11,024:39,1.71,1.59,3.30,29.32,19.95,25.05,10.71,
60646,10/08/2026,10:50:06,46.50,1:43,5:40,000:16,6:12,001:44,015:35,1.82,1.75,3.57,29.98,19.89,35.01,17.58,
60646,10/08/2026,11:05:41,50.50,1:39,5:33,000:22,7:25,001:08,016:07,1.78,1.73,3.51,29.87,19.51,36.38,15.34,
60646,10/08/2026,11:21:48,54.50,1:31,5:36,000:18,6:24,005:11,019:00,1.73,1.66,3.39,28.61,19.11,27.84,16.36,
60646,10/08/2026,11:40:48,47.00,1:30,6:51,000:10,4:46,000:00,013:17,1.72,1.68,3.40,26.04,15.29,44.04,21.93,
60646,10/08/2026,11:54:05,59.00,1:29,5:18,000:14,11:35,002:38,021:14,1.68,2.00,3.68,32.66,19.44,40.43,11.05,
60646,10/08/2026,15:24:51,48.50,2:03,10:55,000:14,9:44,000:00,022:56,1.72,1.69,3.41,19.64,9.83,21.00,10.74,
60646,10/08/2026,15:47:47,53.50,1:18,10:41,000:22,10:24,000:00,022:45,1.72,1.69,3.41,18.38,9.83,16.68,9.93,
60646,10/08/2026,16:10:32,53.00,1:42,11:21,000:16,11:33,000:43,025:35,1.70,1.66,3.36,14.06,9.11,15.31,8.87,
60646,10/08/2026,16:36:07,57.00,1:36,12:23,000:13,11:03,000:00,025:15,1.72,1.69,3.41,16.47,9.02,14.00,9.31,
60646,10/08/2026,17:01:22,53.00,1:50,11:52,000:14,11:38,000:00,025:34,1.76,1.71,3.47,15.64,9.24,19.26,9.01,
60646,10/08/2026,17:26:56,59.00,2:02,10:39,000:15,17:00,012:44,042:40,1.70,2.09,3.79,17.56,9.79,19.53,8.41,
60646,10/08/2026,19:12:38,53.50,1:40,11:09,000:46,10:18,000:00,023:53,1.73,1.69,3.42,16.19,9.85,16.63,10.89,
60646,10/08/2026,19:36:31,50.50,1:14,9:39,000:19,12:21,000:31,024:04,1.75,1.69,3.44,21.83,11.17,17.50,8.88,
60646,10/08/2026,20:00:35,54.00,1:24,12:12,000:19,11:37,002:55,028:27,1.76,1.68,3.44,15.10,8.83,16.57,9.22,
60646,10/08/2026,20:29:02,53.00,1:24,8:37,002:55,12:36,000:11,025:43,1.76,2.23,3.99,19.20,12.54,32.88,11.30,
60646,10/08/2026,23:23:01,53.00,1:40,7:27,000:17,7:35,000:30,017:29,1.72,1.69,3.41,27.79,15.68,27.19,15.50,
60646,10/08/2026,23:40:30,50.00,1:56,6:16,000:19,6:54,000:09,015:34,1.72,1.67,3.39,28.23,16.80,27.14,15.21,
60646,10/08/2026,23:56:04,58.50,2:18,6:58,001:08,7:05,000:40,018:09,1.75,1.71,3.46,26.48,15.36,26.31,15.00,
60646,11/08/2026,00:14:13,56.50,3:00,5:50,000:28,7:42,001:48,018:48,1.72,1.65,3.37,27.84,18.21,26.59,14.27,
60646,11/08/2026,00:33:01,55.00,2:16,7:17,000:17,6:21,004:21,020:32,1.75,1.59,3.34,25.77,16.12,28.94,16.41,
60646,11/08/2026,00:53:33,55.50,8:50,6:18,000:18,5:32,000:00,020:58,1.67,1.19,2.86,26.75,16.51,21.39,13.18,
60646,11/08/2026,01:14:31,55.00,1:14,5:44,001:27,4:35,006:56,067:56,1.61,14.95,16.56,32.66,18.07,41.58,17.63,
60646,11/08/2026,11:16:57,53.50,0:59,5:05,000:14,5:15,002:31,014:04,1.63,1.58,3.21,29.16,19.88,35.07,19.10,
60646,11/08/2026,11:31:01,48.00,1:05,4:36,000:27,5:51,001:16,013:15,1.57,1.52,3.09,33.10,20.86,22.81,16.20,
60646,11/08/2026,11:44:16,55.00,1:03,4:43,000:29,6:33,001:26,014:14,1.54,1.50,3.04,31.13,20.57,24.89,14.23,
60646,11/08/2026,11:58:30,50.00,1:10,4:44,000:43,4:08,000:00,010:45,1.44,1.39,2.83,29.81,18.81,33.48,20.73,
60646,11/08/2026,12:09:15,42.50,1:21,3:49,005:52,8:34,030:31,098:07,1.43,15.98,17.41,35.01,23.34,48.47,18.64,
60646,12/08/2026,16:21:16,58.50,1:35,7:05,000:18,5:55,000:00,014:53,1.60,1.59,3.19,22.54,14.00,28.61,16.81,
60646,12/08/2026,16:36:09,47.50,1:32,6:49,000:24,5:55,000:01,014:41,1.66,1.59,3.25,24.29,15.14,27.08,16.75,
60646,12/08/2026,16:50:50,48.00,1:48,6:07,000:16,5:53,000:00,014:04,1.41,1.35,2.76,23.31,14.32,24.73,14.17,
60646,12/08/2026,17:04:54,53.50,1:50,7:33,000:19,6:50,000:00,016:32,1.64,1.60,3.24,20.08,13.50,26.04,14.79,
60646,12/08/2026,17:21:26,51.00,1:25,8:47,000:19,14:35,000:57,026:03,1.63,2.06,3.69,21.06,11.58,21.44,8.96,
60646,12/08/2026,18:55:07,50.50,2:18,7:37,000:27,6:54,000:00,017:16,1.64,1.57,3.21,25.82,13.54,23.91,14.21,
60646,12/08/2026,19:12:23,53.00,3:11,8:40,001:36,8:02,000:00,021:29,1.63,1.58,3.21,23.96,12.38,24.18,12.75,
60646,12/08/2026,19:33:52,55.50,2:49,8:31,000:27,7:03,000:09,018:59,1.62,1.56,3.18,22.59,12.63,23.47,14.18,
60646,12/08/2026,19:52:51,51.50,2:02,7:44,000:17,9:58,006:42,026:43,1.62,2.45,4.07,24.29,13.18,36.16,15.54,
60646,12/08/2026,20:19:34,46.00,1:38,6:42,003:47,12:00,006:11,030:18,1.45,1.87,3.32,27.57,13.41,23.91,10.56,
60646,12/08/2026,23:24:05,58.00,2:15,6:10,000:17,6:28,000:00,015:10,1.61,1.56,3.17,25.38,16.40,28.78,15.13,
60646,12/08/2026,23:39:15,48.50,1:37,7:11,000:18,7:27,000:00,016:33,1.63,1.55,3.18,26.97,14.70,26.42,13.50,
60646,12/08/2026,23:55:48,55.50,2:10,6:23,000:18,6:49,003:41,019:21,1.60,1.54,3.14,25.82,15.48,25.11,14.17,
60646,13/08/2026,00:15:09,48.50,1:44,6:26,000:43,6:47,000:00,015:40,1.58,1.55,3.13,25.82,15.57,28.12,15.01,
60646,13/08/2026,00:30:49,54.00,1:38,5:45,000:17,7:02,000:00,014:42,1.59,1.54,3.13,27.63,17.13,25.44,14.22,
60646,13/08/2026,00:45:31,57.50,2:21,5:59,000:17,6:09,001:55,016:41,1.42,1.38,2.80,24.95,14.88,27.52,14.37,
60646,13/08/2026,01:02:12,59.00,1:41,7:30,002:35,7:46,000:00,019:32,1.33,1.26,2.59,23.19,12.94,16.13,10.99,
60646,13/08/2026,01:21:44,64.50,2:10,6:50,000:27,7:05,001:38,018:10,1.33,1.26,2.59,27.24,12.18,17.07,11.45,
60646,13/08/2026,01:39:54,56.00,2:48,5:48,000:14,6:48,000:00,015:38,1.32,1.28,2.60,23.69,14.13,18.16,11.44,
60646,13/08/2026,01:55:32,51.00,2:03,6:27,001:11,7:11,001:44,018:36,1.33,1.27,2.60,22.32,13.40,17.39,11.62,
60646,13/08/2026,02:14:08,57.00,1:58,6:24,000:14,5:15,000:00,013:51,1.60,1.54,3.14,29.98,15.74,31.84,18.04,
60646,13/08/2026,02:27:59,57.50,1:42,5:09,012:48,9:11,003:18,080:08,1.33,15.15,16.48,29.38,15.80,36.77,16.61,
60646,13/08/2026,07:49:54,53.00,1:31,5:07,000:15,6:04,002:17,015:14,1.43,1.39,2.82,27.24,17.22,27.19,14.78,
60646,13/08/2026,08:05:08,45.50,1:20,6:03,002:24,6:42,000:35,017:04,1.32,1.27,2.59,20.73,13.55,24.95,12.99,
60646,13/08/2026,08:22:12,47.50,1:40,6:00,000:51,5:59,000:00,014:30,1.31,1.25,2.56,23.41,13.40,21.28,12.94,
60646,13/08/2026,08:36:42,53.00,2:14,6:04,000:17,6:09,000:00,014:44,1.31,1.59,2.90,23.14,13.29,31.89,15.75,
60646,13/08/2026,08:51:26,55.50,1:43,5:04,001:44,7:35,011:20,027:26,1.45,1.47,2.92,27.24,17.46,25.66,12.81,
60646,13/08/2026,09:18:52,55.00,1:49,5:32,000:22,11:19,000:11,019:13,1.68,1.80,3.48,28.45,18.69,27.63,11.09,
60646,13/08/2026,09:44:10,52.50,1:36,6:23,000:22,6:15,001:55,016:31,1.68,1.50,3.18,27.41,16.54,30.09,14.87,
60646,13/08/2026,10:00:41,50.00,1:33,6:01,000:14,7:38,001:31,016:57,1.73,1.58,3.31,31.62,18.30,29.32,13.83,
60646,13/08/2026,10:17:38,59.50,2:45,5:53,000:13,11:07,010:15,078:13,1.48,10.14,11.62,26.64,15.35,33.15,9.01,
60646,21/08/2026,10:05:12,25.50,1:00,2:51,015:13,3:51,000:01,022:56,0.30,0.37,0.67,13.07,7.62,13.07,7.88,
60646,21/08/2026,11:39:54,54.50,1:00,7:13,007:42,6:52,001:12,023:59,1.30,1.28,2.58,25.00,12.49,24.67,12.67,
60646,21/08/2026,19:21:52,58.50,1:30,6:04,000:18,7:48,000:28,016:08,1.29,1.28,2.57,27.30,13.24,26.42,11.85,
60646,21/08/2026,19:38:00,37.00,1:27,13:18,7:06,6:01,003:32,7:24,2.49,0.73,3.22,26.97,12.87,13.73,7.71,
60646,22/08/2026,08:09:24,49.00,1:56,5:56,000:17,5:44,001:53,015:46,1.42,1.38,2.80,26.86,14.84,26.86,15.00,
60646,22/08/2026,08:25:10,47.50,1:28,5:51,000:17,6:52,001:12,015:40,1.42,1.39,2.81,26.75,14.94,27.02,12.47,
60646,22/08/2026,08:40:50,44.50,1:46,6:29,000:15,6:43,001:15,016:28,1.42,1.39,2.81,26.20,13.54,27.90,13.07,
60646,22/08/2026,08:57:18,49.50,1:36,6:27,001:10,5:55,001:02,016:10,1.41,1.36,2.77,26.59,14.11,28.17,14.18,
60646,22/08/2026,09:13:28,36.00,1:30,2:30,001:22,4:13,001:26,011:01,0.46,0.55,1.01,19.75,11.69,16.41,9.97,
60646,22/08/2026,09:24:29,59.50,1:23,7:35,001:02,11:11,007:54,029:05,1.38,1.85,3.23,23.58,13.38,28.01,10.86,
60646,22/08/2026,11:05:07,46.00,2:35,7:01,000:14,6:59,002:17,019:06,1.68,1.60,3.28,28.39,15.34,29.81,15.55,
60646,22/08/2026,11:24:13,48.50,1:16,7:46,001:11,7:35,000:00,017:48,1.66,1.60,3.26,28.28,13.78,27.52,13.37,
60646,22/08/2026,11:42:01,53.00,1:41,5:55,001:28,7:04,002:17,018:25,1.39,1.36,2.75,24.40,14.62,26.48,13.08,
60646,22/08/2026,12:00:26,53.50,1:32,6:57,012:00,10:39,013:52,9:00,1.66,16.56,18.22,25.33,15.57,42.40,14.74,
60646,23/08/2026,07:52:34,48.00,2:31,7:53,000:19,8:02,008:46,027:31,1.71,1.70,3.41,25.49,13.75,26.04,13.50,
60646,23/08/2026,08:20:05,52.50,1:35,7:41,000:16,7:11,003:20,020:03,1.74,1.69,3.43,26.31,14.13,26.10,14.49,
60646,23/08/2026,08:40:08,58.00,1:47,8:00,000:13,7:53,000:00,017:53,1.76,1.69,3.45,27.96,14.01,26.80,13.40,
60646,23/08/2026,08:58:01,44.00,1:37,7:12,000:16,6:48,004:56,020:49,1.76,1.69,3.45,26.97,15.53,28.28,16.00,
60646,23/08/2026,09:18:50,58.50,2:08,7:04,001:22,2:24,024:04,061:02,1.72,3.08,4.80,25.98,14.97,17.89,8.12,
60646,23/08/2026,11:26:27,53.00,2:27,6:37,000:16,7:02,000:00,016:22,1.45,1.42,2.87,24.84,14.60,27.08,14.54,
60646,23/08/2026,11:42:49,53.50,2:41,6:16,000:28,6:26,000:43,016:34,1.45,1.42,2.87,24.18,14.10,29.05,14.61,
60646,23/08/2026,11:59:23,57.00,2:21,3:47,000:17,7:28,004:39,018:32,1.16,1.60,2.76,33.21,18.89,35.56,13.81,
60646,23/08/2026,15:21:45,49.00,3:24,6:00,000:27,5:46,001:52,017:29,1.41,1.37,2.78,23.41,14.61,24.62,15.25,
60646,23/08/2026,15:39:14,42.50,3:38,6:21,000:21,8:17,019:12,037:49,1.41,1.61,3.02,20.08,13.78,18.87,12.48,
60646,23/08/2026,16:17:03,54.50,4:44,5:55,000:19,6:37,000:00,017:35,1.58,1.59,3.17,24.95,16.55,23.09,14.81,
60646,23/08/2026,16:34:38,42.50,4:54,7:11,000:23,6:37,000:29,019:34,1.60,1.58,3.18,18.38,14.15,20.79,14.95,
60646,23/08/2026,16:54:12,43.00,4:10,8:10,001:45,7:24,000:00,021:29,1.61,1.58,3.19,17.83,12.35,17.72,13.32,
60646,23/08/2026,17:15:41,49.50,4:58,8:43,000:28,12:44,003:58,030:51,1.60,2.02,3.62,14.06,11.30,26.70,10.80,
60646,23/08/2026,18:49:51,51.00,3:40,8:25,000:50,7:30,001:27,021:52,1.60,1.57,3.17,18.38,11.74,20.62,13.17,
60646,23/08/2026,19:11:43,54.00,4:55,9:07,000:33,8:03,000:33,023:11,1.61,1.57,3.18,16.25,10.99,17.94,12.85,
60646,23/08/2026,19:34:54,47.50,4:35,8:06,000:29,6:38,000:00,019:48,1.62,1.58,3.20,17.56,12.33,24.56,14.71,
60646,23/08/2026,19:54:42,58.00,3:30,6:01,000:14,11:08,000:00,020:53,1.60,2.18,3.78,31.13,17.59,34.14,12.43,
60646,25/08/2026,15:36:55,51.00,5:12,7:10,000:18,6:59,002:07,021:46,1.50,1.45,2.95,23.69,13.13,26.59,13.21,
60646,25/08/2026,15:58:41,55.50,4:20,7:28,000:19,7:49,003:50,023:46,1.69,1.59,3.28,24.84,13.99,26.86,13.65,
60646,25/08/2026,16:22:27,55.50,4:08,8:11,000:18,8:08,000:01,020:46,1.67,1.75,3.42,24.84,12.85,23.79,13.10,
60646,25/08/2026,16:43:13,51.50,1:44,5:17,007:14,8:16,000:00,046:31,5.41,1.73,7.14,25.38,12.70,28.06,13.67,
60646,25/08/2026,17:29:44,41.00,1:12,8:47,001:50,12:15,001:31,025:35,1.77,1.98,3.75,22.76,13.10,28.50,10.93,
60646,25/08/2026,18:52:48,50.50,3:46,7:58,000:22,7:16,000:00,019:22,1.59,1.58,3.17,19.80,12.24,25.77,14.16,
60646,25/08/2026,19:12:10,48.00,3:16,7:10,000:17,6:52,000:00,017:35,1.59,1.56,3.15,23.03,13.74,28.45,14.29,
60646,25/08/2026,19:29:45,52.00,2:56,7:26,000:19,6:46,002:48,020:15,1.58,1.52,3.10,24.07,13.28,28.17,14.21,
60646,25/08/2026,19:50:00,54.50,3:36,8:12,000:20,6:46,003:31,082:25,1.55,15.92,17.47,19.80,11.58,35.40,15.08,
60646,26/08/2026,09:27:02,58.50,1:25,8:15,000:20,14:01,009:38,033:39,1.85,2.15,4.00,23.36,14.11,23.52,10.54,
60646,26/08/2026,11:00:55,54.00,2:16,8:00,000:18,7:35,000:00,018:09,1.81,1.76,3.57,25.88,15.15,26.20,14.86,
60646,26/08/2026,11:19:04,49.50,2:33,8:34,000:59,7:38,000:00,019:44,1.82,1.49,3.31,25.77,14.16,26.20,13.03,
60646,26/08/2026,11:38:48,48.50,2:26,9:16,001:42,8:12,000:00,021:36,1.81,1.76,3.57,26.15,12.47,23.91,13.34,
60646,26/08/2026,12:00:24,58.00,2:15,9:14,000:16,7:48,001:20,020:53,1.83,1.54,3.37,28.23,15.73,27.41,13.28,
60646,26/08/2026,16:15:13,56.00,1:59,6:18,000:24,6:16,001:19,016:16,1.66,1.63,3.29,25.05,16.75,32.06,16.73,
60646,26/08/2026,16:31:29,50.50,1:33,6:52,000:28,6:43,010:02,025:38,1.70,1.63,3.33,25.05,15.93,25.00,15.19,
60646,26/08/2026,16:57:07,50.50,1:42,7:15,000:30,7:06,000:00,016:33,1.71,1.65,3.36,22.48,14.93,25.05,14.99,
60646,26/08/2026,17:13:40,58.50,1:26,7:31,002:43,5:16,000:14,017:10,1.68,1.65,3.33,22.59,14.19,31.79,19.24,
60646,26/08/2026,17:30:50,50.00,1:15,7:01,000:44,11:08,004:33,024:41,1.69,2.02,3.71,28.28,16.78,30.31,12.29,
60646,26/08/2026,18:59:27,52.00,1:08,9:08,001:41,7:08,000:00,019:05,1.71,1.63,3.34,22.65,13.55,19.86,14.43,
60646,26/08/2026,19:18:32,48.50,1:54,6:26,002:03,6:36,001:22,018:21,1.56,1.54,3.10,21.83,15.34,25.77,14.65,
60646,26/08/2026,19:36:53,52.50,1:22,7:39,000:22,7:29,002:54,019:46,1.57,1.29,2.86,21.55,14.27,23.52,11.07,
60646,26/08/2026,19:56:39,50.00,0:53,5:22,000:28,9:44,002:13,018:40,1.36,2.06,3.42,31.73,16.71,32.72,13.59,
60646,26/08/2026,23:16:28,49.00,1:17,9:13,000:18,8:50,000:24,020:02,1.70,1.68,3.38,18.82,12.46,18.11,12.33,
60646,26/08/2026,23:36:30,59.50,1:14,11:10,055:54,8:32,000:00,076:50,1.68,1.68,3.36,17.23,10.91,20.57,13.44,
60646,27/08/2026,00:53:20,53.00,1:19,9:08,002:58,7:14,001:11,021:50,1.68,1.67,3.35,20.13,11.95,24.73,14.26,
60646,27/08/2026,01:15:10,53.00,1:13,11:11,004:17,13:00,006:07,035:48,1.69,2.13,3.82,16.74,10.68,40.54,11.83,
60646,27/08/2026,02:59:14,52.00,1:14,9:37,001:38,7:59,000:19,020:47,1.70,1.68,3.38,22.32,12.35,25.00,13.22,
60646,27/08/2026,03:20:01,58.50,1:19,9:46,001:41,7:56,000:00,020:42,1.71,1.69,3.40,17.50,11.04,26.04,13.09,
60646,27/08/2026,03:40:43,55.50,1:19,10:32,005:24,11:58,007:28,096:41,1.72,16.45,18.17,18.05,10.41,27.41,14.24,
60646,27/08/2026,07:45:02,47.00,1:53,6:47,005:37,6:17,000:05,020:39,1.45,1.42,2.87,30.15,16.02,27.52,16.14,
60646,27/08/2026,08:05:41,62.00,2:00,6:34,000:54,5:16,001:15,015:59,1.49,1.44,2.93,30.03,14.29,30.15,17.50,
60646,27/08/2026,08:21:40,49.00,1:56,5:07,000:24,6:53,004:36,018:56,1.47,1.41,2.88,27.74,17.93,25.44,14.36,
60646,27/08/2026,08:40:36,47.00,1:30,5:41,000:20,6:33,005:07,019:11,1.50,1.44,2.94,29.76,16.78,25.71,15.89,
60646,27/08/2026,08:59:47,56.50,1:41,5:00,000:22,5:54,006:45,019:42,1.49,1.42,2.91,30.47,18.48,27.52,15.86,
60646,27/08/2026,09:19:29,66.00,2:02,7:53,000:56,10:46,006:12,027:49,1.51,1.40,2.91,19.58,12.27,18.76,8.47,
60646,27/08/2026,15:17:19,50.50,1:45,3:48,000:21,6:38,001:30,014:02,0.63,1.33,1.96,19.26,10.69,23.14,12.93,
60646,27/08/2026,15:31:21,38.00,2:29,7:15,000:22,8:33,009:47,028:26,1.40,1.46,2.86,19.80,11.99,18.27,11.13,
60646,27/08/2026,15:59:47,57.50,4:14,6:59,000:18,11:02,026:57,049:30,1.42,1.84,3.26,21.50,12.62,28.28,10.72,
60646,27/08/2026,17:09:33,57.00,2:29,5:37,000:23,5:18,000:02,013:49,1.37,1.36,2.73,25.00,15.69,25.11,16.00,
60646,27/08/2026,17:23:22,47.00,2:08,4:53,000:40,11:37,001:35,020:53,1.39,1.80,3.19,28.61,18.18,29.43,10.50,
60646,27/08/2026,18:53:52,57.00,1:58,5:40,000:19,6:12,000:01,014:10,1.40,1.39,2.79,32.06,15.39,23.47,13.91,
60646,27/08/2026,19:08:02,53.50,1:53,4:55,000:18,5:32,000:01,012:39,1.39,1.40,2.79,31.89,17.58,25.27,15.67,
60646,27/08/2026,19:20:41,58.50,2:28,4:54,000:19,5:17,000:03,013:01,1.41,1.38,2.79,33.64,18.67,42.95,16.75,
60646,27/08/2026,19:33:42,58.00,2:44,7:37,000:20,6:36,000:02,017:19,1.38,1.37,2.75,18.21,11.35,24.67,12.84,
60646,27/08/2026,19:51:01,53.00,2:09,6:57,000:16,11:06,008:25,028:53,1.38,2.13,3.51,22.65,12.34,37.42,13.99,
60646,28/08/2026,23:47:52,48.50,1:39,8:50,000:22,15:22,013:36,039:49,1.75,2.28,4.03,18.76,12.39,20.95,10.69,
60646,29/08/2026,07:33:24,46.50,1:35,5:33,000:15,5:38,000:00,013:01,1.41,1.38,2.79,29.71,15.67,31.62,15.51,
60646,29/08/2026,07:46:25,58.00,2:43,6:44,000:14,7:02,000:00,016:43,1.43,1.43,2.86,27.68,13.50,33.10,13.59,
60646,29/08/2026,08:03:08,56.00,3:14,6:22,000:17,6:17,000:31,016:41,1.43,1.44,2.87,26.97,14.18,32.00,14.74,
60646,29/08/2026,08:19:49,54.00,2:32,6:15,000:24,7:07,000:40,016:58,1.41,1.52,2.93,26.92,14.55,35.94,14.84,
60646,29/08/2026,08:36:47,42.50,2:15,6:35,001:38,5:35,000:00,016:03,1.50,1.44,2.94,29.38,14.28,33.04,16.24,
60646,29/08/2026,08:52:50,59.50,3:04,5:47,000:22,7:26,001:59,018:38,1.44,1.41,2.85,28.50,15.28,30.03,14.84,
60646,29/08/2026,09:11:28,58.00,3:38,7:19,000:51,8:27,004:10,024:25,1.49,1.44,2.93,28.61,13.01,30.80,12.89,
60646,29/08/2026,10:52:52,45.00,2:37,5:30,000:16,5:33,000:00,013:56,1.45,1.43,2.88,28.39,16.26,30.03,15.83,
60646,29/08/2026,11:06:48,59.00,2:20,5:40,000:27,5:27,000:51,014:45,1.45,1.43,2.88,30.25,15.87,32.06,16.39,
60646,29/08/2026,11:21:33,47.00,2:02,6:27,000:25,7:08,000:00,016:02,1.47,1.45,2.92,27.46,14.30,29.76,12.80,
60646,29/08/2026,11:37:35,47.00,1:37,8:00,000:42,5:48,000:42,016:49,1.45,1.41,2.86,25.22,12.31,33.26,15.31,
60646,29/08/2026,11:54:24,45.00,1:52,6:57,000:14,8:27,001:31,067:01,1.47,15.25,16.72,22.59,13.47,38.02,16.69,
60646,29/08/2026,15:27:13,55.50,1:56,6:07,000:24,6:49,000:00,015:16,1.42,1.38,2.80,23.19,14.57,21.94,12.37,
60646,29/08/2026,15:42:29,50.50,1:47,6:38,000:26,6:08,001:53,016:52,1.43,1.45,2.88,22.37,13.30,25.93,14.83,
60646,29/08/2026,15:59:21,53.00,2:41,6:10,000:26,6:09,003:05,018:31,1.53,1.46,2.99,24.73,15.59,24.73,15.04,
60646,29/08/2026,16:17:52,48.50,2:09,6:12,000:24,8:24,004:37,021:46,1.54,1.46,3.00,23.79,15.56,21.83,11.24,
60646,29/08/2026,16:39:38,49.50,2:37,6:35,000:29,7:50,005:30,023:01,1.54,1.47,3.01,24.29,14.70,25.98,12.81,
60646,29/08/2026,17:02:39,45.00,2:14,6:16,000:22,7:35,001:49,018:16,1.54,1.48,3.02,23.58,15.41,22.54,12.93,
60646,29/08/2026,17:20:55,59.00,1:57,6:48,001:18,14:07,004:20,028:30,1.54,2.15,3.69,21.12,14.22,22.81,9.99,
60646,30/08/2026,15:46:09,59.00,1:22,10:47,003:05,8:08,000:00,023:22,1.82,1.76,3.58,18.32,11.83,22.21,13.87,
60646,30/08/2026,16:09:31,52.50,1:27,8:59,000:30,8:58,000:00,019:54,1.83,1.75,3.58,23.14,12.69,22.54,12.79,
60646,30/08/2026,16:29:25,58.00,1:36,13:20,004:03,13:47,007:58,040:44,1.87,2.18,4.05,26.64,14.34,21.33,10.11,
60646,30/08/2026,17:26:52,56.50,1:22,8:30,000:41,14:21,009:59,034:53,1.82,2.19,4.01,21.17,13.60,27.08,10.52,
60646,30/08/2026,19:06:32,47.50,1:36,12:01,000:29,9:02,002:47,025:55,1.84,1.71,3.55,20.90,12.07,18.05,11.93,
60646,30/08/2026,19:32:27,49.00,1:30,9:11,000:28,9:14,001:27,021:50,1.83,1.74,3.57,20.35,12.68,23.14,13.57,
60646,30/08/2026,19:54:17,58.50,1:42,7:08,000:22,12:51,002:19,024:22,1.80,1.75,3.55,28.56,15.54,26.86,9.43,
60646,30/08/2026,20:18:39,47.50,1:12,7:36,001:17,0:48,010:11,069:04,1.81,12.40,14.21,33.43,15.37,36.60,16.29,
60646,01/09/2026,15:05:16,35.50,9:40,7:32,000:19,6:52,000:00,024:23,1.55,1.50,3.05,23.19,13.47,23.36,13.41,
60646,01/09/2026,15:29:39,43.00,10:28,6:37,000:15,7:29,000:22,025:11,1.55,1.49,3.04,27.35,14.95,21.06,12.46,
60646,01/09/2026,15:54:50,32.50,10:06,7:09,000:16,6:44,000:01,024:16,1.55,1.48,3.03,24.18,13.47,23.96,14.12,
60646,01/09/2026,16:19:06,52.00,12:10,6:43,000:44,7:20,001:11,028:08,1.55,1.47,3.02,24.51,14.60,21.44,12.70,
60646,01/09/2026,16:47:14,58.50,12:37,7:05,000:15,7:37,000:00,027:34,1.53,1.46,2.99,25.05,14.02,18.87,12.90,
60646,01/09/2026,17:14:48,55.50,9:44,6:37,000:16,7:41,000:23,024:41,1.52,1.45,2.97,22.26,14.25,19.04,12.81,
60646,01/09/2026,17:39:29,54.00,9:38,7:09,003:46,7:16,000:00,027:49,1.51,1.47,2.98,22.92,13.77,19.86,12.52,
60647,20/07/2026,15:15:19,46.00,2:04,6:01,000:19,5:30,001:54,015:48,1.87,1.84,3.71,33.59,20.97,39.06,21.00,
60647,20/07/2026,15:31:07,44.00,1:31,5:39,000:15,6:22,000:34,014:21,1.88,1.85,3.73,31.29,20.69,43.06,19.11,
60647,20/07/2026,15:45:28,46.50,1:43,5:56,000:14,5:42,000:00,013:35,1.93,1.86,3.79,38.90,20.44,31.84,21.18,
60647,20/07/2026,15:59:03,58.50,1:31,5:38,000:15,5:21,000:00,012:45,1.88,1.85,3.73,34.52,21.07,39.99,21.59,
60647,20/07/2026,16:11:48,45.50,1:36,5:44,000:14,5:29,000:02,013:05,1.88,1.91,3.79,35.83,20.43,35.62,21.91,
60647,20/07/2026,16:24:53,52.00,1:14,6:04,000:14,5:40,000:00,013:12,1.86,1.83,3.69,33.37,19.36,39.66,20.71,
60647,20/07/2026,16:38:05,57.50,2:16,5:39,000:14,5:06,000:29,013:44,1.87,1.85,3.72,32.28,20.58,48.09,22.99,
60647,20/07/2026,16:51:49,58.00,1:19,5:23,000:18,4:56,002:05,014:01,1.87,1.83,3.70,36.65,21.58,42.35,23.61,
60647,20/07/2026,17:05:50,58.50,1:34,5:17,000:14,5:18,000:00,012:23,1.86,1.87,3.73,38.02,21.97,38.73,22.48,
60647,20/07/2026,17:18:13,56.50,1:34,5:31,000:15,15:34,007:24,030:18,1.87,2.87,4.74,33.92,21.01,44.70,14.61,
60647,20/07/2026,18:39:23,47.00,1:21,5:15,000:15,6:16,000:30,013:37,1.87,1.84,3.71,37.04,22.18,32.50,18.60,
60647,20/07/2026,18:53:00,50.50,1:20,5:39,000:14,6:33,000:00,013:46,1.85,1.86,3.71,31.35,20.30,30.15,17.99,
60647,20/07/2026,19:06:46,48.00,1:20,5:56,000:15,6:36,000:14,014:21,1.87,1.84,3.71,30.75,19.44,28.12,17.63,
60647,20/07/2026,19:21:07,49.50,1:22,5:48,000:14,5:52,000:00,013:16,1.88,1.89,3.77,30.20,20.22,31.13,19.95,
60647,20/07/2026,19:34:23,45.50,1:33,5:19,000:16,5:35,000:42,013:25,1.88,1.86,3.74,35.01,21.90,39.23,21.40,
60647,20/07/2026,19:47:48,46.00,1:06,5:30,000:20,11:28,002:40,021:04,1.88,2.18,4.06,32.77,21.38,37.31,15.10,
60647,21/07/2026,15:12:09,58.50,0:53,7:55,001:18,8:07,001:54,020:07,1.55,1.70,3.25,25.88,12.90,25.66,14.71,
60647,21/07/2026,15:32:16,57.00,1:30,7:35,000:40,7:58,001:51,019:34,1.76,1.68,3.44,26.42,16.80,29.81,14.93,
60647,21/07/2026,15:51:50,49.50,1:32,6:36,000:28,6:28,000:08,015:12,1.74,1.52,3.26,28.39,16.96,28.28,15.81,
60647,21/07/2026,16:07:02,55.50,1:13,5:50,000:18,7:43,004:29,019:33,1.59,1.68,3.27,28.17,17.63,25.49,14.37,
60647,21/07/2026,16:26:35,47.50,1:48,7:40,000:21,7:54,000:00,017:43,1.75,1.68,3.43,27.84,14.78,26.04,13.74,
60647,21/07/2026,16:44:18,54.00,1:14,7:29,001:34,12:42,006:34,029:33,1.79,2.23,4.02,26.53,15.25,27.84,12.71,
60647,22/07/2026,16:03:51,50.50,1:04,6:36,000:15,8:13,000:50,016:58,1.65,1.58,3.23,26.48,15.63,28.39,14.53,
60647,22/07/2026,16:20:49,59.50,1:32,6:53,000:16,6:54,001:02,016:37,1.68,1.58,3.26,26.26,15.22,29.93,15.98,
60647,22/07/2026,16:37:26,42.00,0:59,6:21,001:45,7:11,000:00,016:16,1.66,1.58,3.24,28.34,16.58,26.10,14.49,
60647,22/07/2026,16:53:42,40.50,1:25,7:27,000:14,7:46,002:03,018:55,1.68,1.58,3.26,28.94,16.11,26.31,13.26,
60647,22/07/2026,17:12:37,43.00,1:42,6:10,000:15,14:48,021:32,044:27,1.65,2.21,3.86,29.38,16.84,25.66,11.63,
60647,23/07/2026,15:07:40,52.00,1:30,8:15,000:37,10:13,002:45,023:20,1.71,1.68,3.39,22.65,13.46,25.98,13.94,
60647,23/07/2026,15:31:00,21.00,1:33,2:20,000:16,1:25,000:01,005:35,0.23,0.05,0.28,40.98,16.84,8.42,6.20,
60647,23/07/2026,15:36:35,45.00,1:18,6:01,003:07,1:38,003:03,015:07,0.31,0.10,0.41,42.57,14.97,10.23,6.08,
60647,23/07/2026,17:53:50,42.00,0:55,6:49,000:29,6:49,001:20,016:22,1.69,1.58,3.27,25.00,15.51,24.45,15.16,
60647,23/07/2026,18:10:12,39.50,1:06,6:28,000:17,2:52,003:51,038:34,1.67,5.80,7.47,28.28,16.63,32.55,15.52,
60647,24/07/2026,06:26:29,56.50,2:30,7:41,000:36,6:29,000:00,017:16,1.58,1.51,3.09,22.10,12.79,25.38,14.66,
60647,24/07/2026,06:43:45,58.50,3:08,6:56,000:32,6:13,002:52,019:41,1.63,1.56,3.19,24.29,14.71,27.74,15.99,
60647,24/07/2026,07:03:26,41.50,2:27,6:36,000:28,6:50,004:22,020:43,1.62,1.58,3.20,23.85,15.40,25.27,15.03,
60647,24/07/2026,07:24:09,56.50,5:31,7:08,000:24,6:25,006:34,026:02,1.58,1.50,3.08,25.60,14.23,25.66,15.64,
60647,24/07/2026,07:50:11,59.00,3:44,7:03,000:31,6:28,001:21,019:07,1.62,1.59,3.21,25.05,14.60,25.00,15.66,
60647,24/07/2026,08:09:18,55.50,2:53,6:48,000:25,6:18,000:18,016:42,1.63,1.57,3.20,25.44,15.16,27.52,16.82,
60647,24/07/2026,08:26:00,54.50,2:13,7:00,000:23,5:51,002:13,017:40,1.63,1.58,3.21,24.51,14.57,32.66,17.41,
60647,24/07/2026,08:43:40,46.00,4:27,8:07,015:47,6:52,000:00,035:13,1.61,1.60,3.21,22.76,13.29,27.96,15.85,
60647,24/07/2026,09:18:53,41.50,1:05,6:38,000:31,6:50,000:00,015:04,1.66,1.56,3.22,25.66,15.68,26.48,16.07,
60647,24/07/2026,09:33:57,39.00,2:17,6:35,000:24,5:54,000:00,015:10,1.63,1.59,3.22,26.10,15.96,25.11,16.86,
60647,24/07/2026,09:49:07,46.00,2:56,6:32,000:28,1:49,011:28,083:13,1.55,15.61,17.16,28.12,14.92,34.30,16.93,
60647,24/07/2026,12:03:24,52.50,1:16,5:58,000:27,6:46,001:00,015:27,1.79,1.85,3.64,30.09,19.26,32.77,17.87,
60647,24/07/2026,12:18:51,47.00,1:06,5:22,000:17,6:15,000:49,013:49,1.69,1.76,3.45,30.25,20.18,31.18,19.66,
60647,24/07/2026,12:32:40,38.00,1:38,5:24,000:21,5:35,000:05,013:03,1.81,1.68,3.49,32.61,21.03,29.21,19.12,
60647,24/07/2026,12:45:43,43.50,1:39,6:03,000:19,11:22,009:03,028:26,1.70,2.04,3.74,27.96,18.36,29.38,15.16,
60647,24/07/2026,13:14:09,56.50,2:13,6:23,000:22,8:56,011:47,029:41,1.70,1.66,3.36,26.31,16.99,29.10,14.99,
60647,24/07/2026,13:43:50,59.00,1:36,6:10,000:24,5:31,000:13,013:54,1.71,1.68,3.39,27.84,17.94,29.87,19.40,
60647,24/07/2026,13:57:44,58.00,2:00,6:17,000:19,6:03,000:00,014:39,1.70,1.68,3.38,28.39,18.23,27.57,17.90,
60647,24/07/2026,14:12:23,41.50,1:57,5:29,000:27,6:15,000:00,014:08,1.69,1.69,3.38,30.36,19.10,26.59,17.28,
60647,24/07/2026,14:26:31,44.00,1:56,7:02,001:09,7:00,002:14,019:21,1.69,1.73,3.42,32.61,20.77,30.25,18.14,
60647,24/07/2026,14:45:52,36.00,2:37,5:44,000:24,10:49,001:45,021:19,1.73,1.82,3.55,30.09,18.68,27.08,15.10,
60647,24/07/2026,15:07:11,42.00,1:56,7:47,000:23,15:16,006:40,032:02,1.67,2.31,3.98,28.99,14.09,27.74,12.43,
60647,25/07/2026,08:58:36,52.00,1:58,6:25,000:26,5:54,000:45,015:28,1.60,1.56,3.16,24.62,16.05,26.75,16.80,
60647,25/07/2026,09:14:04,55.50,2:00,7:31,000:25,11:41,002:29,024:06,1.63,2.32,3.95,23.74,14.57,25.82,13.29,
60647,25/07/2026,10:32:40,52.50,2:24,7:17,000:27,6:27,000:11,016:46,1.59,1.54,3.13,20.35,13.91,26.20,16.75,
60647,25/07/2026,10:49:26,53.00,2:00,7:03,000:22,6:24,002:04,017:53,1.60,1.56,3.16,23.52,14.41,25.55,15.92,
60647,25/07/2026,11:07:19,50.00,2:16,6:52,000:23,7:17,004:16,021:04,1.59,1.55,3.14,22.70,14.62,23.41,14.64,
60647,25/07/2026,11:28:23,55.00,2:12,8:59,000:40,5:55,000:00,017:46,1.61,1.54,3.15,18.43,12.47,27.46,17.91,
60647,25/07/2026,11:46:09,52.50,2:46,4:40,000:23,6:07,002:54,016:50,1.39,1.71,3.10,28.34,18.68,33.32,18.44,
60647,25/07/2026,12:02:59,35.50,2:34,5:45,000:22,4:42,018:43,092:06,1.75,15.43,17.18,29.65,18.96,38.62,16.47,
60647,25/07/2026,15:19:29,53.50,2:05,7:52,000:23,6:38,000:08,017:06,1.61,1.56,3.17,26.75,13.93,27.63,15.24,
60647,25/07/2026,15:36:35,54.00,2:10,8:06,000:22,8:21,000:03,019:02,1.59,1.53,3.12,20.51,12.36,22.48,12.64,
60647,25/07/2026,15:55:37,54.00,2:07,6:39,000:22,6:36,000:00,015:44,1.60,1.60,3.20,28.17,16.35,26.97,16.75,
60647,25/07/2026,16:11:21,53.00,2:48,5:39,000:35,5:39,000:00,014:41,1.59,1.56,3.15,29.38,18.03,27.79,17.66,
60647,25/07/2026,16:26:02,51.50,2:39,7:03,000:21,7:00,000:52,017:55,1.62,1.58,3.20,25.98,15.01,25.38,15.71,
60647,25/07/2026,16:43:57,48.00,2:08,5:24,000:22,9:00,000:01,016:55,1.59,1.54,3.13,27.14,18.54,28.23,12.43,
60647,25/07/2026,17:00:52,53.50,1:57,7:45,000:33,5:57,000:05,016:17,1.62,1.59,3.21,26.26,13.88,28.28,17.29,
60647,25/07/2026,17:17:09,47.00,1:53,5:18,000:41,11:10,006:13,025:15,1.61,2.29,3.90,28.99,19.07,25.16,14.39,
60647,25/07/2026,18:41:02,51.00,1:55,6:14,000:23,6:07,000:00,014:39,1.61,1.60,3.21,26.64,16.39,25.38,16.86,
60647,25/07/2026,18:55:41,48.50,1:45,6:21,000:57,7:04,001:00,017:07,1.60,1.59,3.19,27.52,16.62,22.87,14.33,
60647,25/07/2026,19:11:16,59.00,2:09,6:40,000:22,5:57,000:03,015:11,1.60,1.61,3.21,25.60,15.81,28.12,17.56,
60647,25/07/2026,19:26:27,56.00,1:46,5:50,000:25,5:55,000:00,013:56,1.61,1.60,3.21,32.72,17.96,31.24,17.82,
60647,25/07/2026,19:40:23,56.50,1:57,7:59,002:51,13:10,000:18,026:15,1.62,2.43,4.05,22.59,13.03,27.24,12.80,
60647,26/07/2026,08:49:18,35.00,2:23,9:44,000:08,8:11,000:26,020:52,1.84,1.83,3.67,22.32,14.53,26.48,16.98,
60647,26/07/2026,09:10:10,45.50,1:16,6:56,000:24,6:52,000:00,015:28,1.84,1.80,3.64,25.66,17.15,28.39,17.83,
60647,26/07/2026,09:25:38,44.00,1:26,6:05,000:17,12:33,006:26,026:47,1.85,2.47,4.32,37.80,19.86,39.28,14.02,
60647,26/07/2026,10:47:25,46.00,1:58,7:19,000:25,7:00,000:00,016:42,1.86,1.80,3.66,23.74,16.00,31.07,17.62,
60647,26/07/2026,11:04:07,42.00,1:26,7:26,000:25,5:37,000:00,014:54,1.83,1.49,3.32,25.49,15.51,26.80,16.75,
60647,26/07/2026,11:19:01,58.00,1:09,6:23,002:31,5:11,000:00,015:14,1.55,1.49,3.04,25.16,15.65,26.92,18.33,
60647,26/07/2026,11:34:15,57.00,1:06,6:15,000:26,5:27,000:00,013:14,1.53,1.48,3.01,23.69,15.39,26.48,18.15,
60647,26/07/2026,11:47:29,50.50,1:06,6:28,000:32,0:38,001:20,070:04,1.54,14.98,16.52,22.32,14.93,34.96,15.97,
60647,26/07/2026,16:01:21,47.00,2:14,6:57,000:20,8:13,000:06,017:50,1.59,1.59,3.18,21.61,14.67,24.56,13.70,
60647,26/07/2026,16:19:11,48.00,2:02,7:25,000:26,7:36,000:00,017:29,1.59,1.60,3.19,20.18,13.87,23.74,14.23,
60647,26/07/2026,16:36:40,46.50,2:12,7:06,000:17,7:45,000:00,017:20,1.59,1.61,3.20,21.44,14.31,26.37,13.80,
60647,26/07/2026,16:54:00,52.00,2:28,7:46,000:28,9:19,000:36,020:37,1.59,1.60,3.19,20.57,13.32,20.68,11.67,
60647,26/07/2026,17:14:37,43.00,2:09,7:24,000:23,11:54,000:00,021:50,1.57,1.66,3.23,21.06,13.82,18.98,12.25,
60647,26/07/2026,18:36:34,43.00,2:21,7:14,000:15,7:24,000:00,017:14,1.59,1.58,3.17,22.70,14.03,24.62,14.52,
60647,26/07/2026,18:53:48,41.50,2:16,6:50,001:05,7:19,000:00,017:30,1.59,1.60,3.19,20.40,14.58,23.74,14.04,
60647,26/07/2026,19:11:18,41.50,1:53,8:34,000:26,16:50,000:00,027:43,1.51,2.53,4.04,19.04,12.01,20.79,11.35,
60647,26/07/2026,23:54:26,43.50,3:21,8:34,000:19,7:28,000:00,019:42,1.83,1.84,3.67,22.37,13.54,25.88,15.70,
60647,27/07/2026,00:14:08,44.50,2:28,8:14,000:17,7:30,000:00,018:29,1.83,1.84,3.67,22.87,14.29,26.31,15.64,
60647,27/07/2026,00:32:37,51.00,2:57,8:41,000:18,7:20,000:00,019:16,1.83,1.83,3.66,20.51,13.49,26.10,16.41,
60647,27/07/2026,00:51:53,53.50,4:08,8:18,000:17,7:30,000:00,020:13,1.84,1.84,3.68,21.72,14.18,27.79,15.90,
60647,27/07/2026,01:12:06,56.00,3:10,8:02,000:16,10:59,000:00,022:27,1.84,1.80,3.64,25.38,14.61,20.95,11.12,
60647,27/07/2026,02:33:10,54.00,2:29,9:48,000:20,7:21,000:00,019:58,1.83,1.84,3.67,20.95,12.34,25.44,15.68,
60647,27/07/2026,02:53:08,56.50,3:11,8:54,000:21,8:32,000:00,020:58,1.83,1.83,3.66,19.14,13.16,22.97,14.12,
60647,27/07/2026,03:14:06,53.00,2:50,7:48,000:18,7:20,000:00,018:16,1.84,1.83,3.67,23.36,14.99,27.63,16.41,
60647,27/07/2026,03:32:22,52.50,3:39,10:19,000:21,2:05,003:46,080:10,1.81,15.90,17.71,16.74,11.63,35.23,16.85,
60647,27/07/2026,06:57:10,31.00,1:08,6:03,000:17,5:25,001:00,013:53,1.84,1.62,3.46,31.13,19.01,35.83,20.32,
60647,27/07/2026,07:11:03,40.00,1:37,6:02,000:16,5:12,000:00,013:07,1.60,1.86,3.46,30.36,17.32,38.24,22.17,
60647,27/07/2026,07:24:10,53.00,1:38,6:50,000:14,5:46,000:00,014:28,1.80,1.76,3.56,28.56,17.69,39.66,23.47,
60647,27/07/2026,07:38:38,53.00,1:49,6:25,000:16,4:41,000:00,013:11,1.86,1.83,3.69,30.20,18.56,36.16,24.40,
60647,27/07/2026,07:51:49,41.00,1:07,5:11,000:15,4:34,000:00,011:07,1.84,1.84,3.68,33.59,22.39,39.06,25.37,
60647,27/07/2026,08:02:56,41.50,1:46,5:47,000:14,4:56,000:00,012:43,1.84,1.84,3.68,31.02,19.80,36.93,23.26,
60647,27/07/2026,08:15:39,50.50,1:34,5:58,000:15,6:23,009:11,023:21,1.85,1.83,3.68,30.09,19.57,36.71,19.95,
60647,27/07/2026,08:39:00,38.50,1:28,5:42,000:15,16:25,007:13,031:03,1.83,5.53,7.36,29.54,20.48,37.04,21.41,
60647,27/07/2026,09:10:03,48.00,1:32,5:46,000:16,5:20,000:00,012:54,1.83,1.84,3.67,29.81,20.18,37.31,22.44,
60647,27/07/2026,09:22:57,47.50,2:05,4:37,000:15,5:19,000:00,012:16,1.51,1.38,2.89,31.40,21.28,40.65,19.32,
60647,27/07/2026,10:38:25,50.00,1:52,5:34,000:16,5:41,000:00,013:23,1.60,1.64,3.24,28.56,18.02,32.72,17.98,
60647,27/07/2026,10:51:48,40.50,2:19,5:48,000:15,8:04,005:10,021:36,1.62,1.71,3.33,30.53,17.60,33.43,16.10,
60647,27/07/2026,11:13:24,35.50,0:57,5:53,000:15,5:03,000:00,012:08,1.59,1.64,3.23,33.59,17.12,34.96,20.69,
60647,27/07/2026,11:25:32,41.00,1:23,5:51,000:17,4:40,000:00,012:11,1.60,1.64,3.24,30.25,18.20,39.44,21.96,
60647,27/07/2026,11:37:43,46.50,1:34,5:14,000:16,4:30,000:00,011:34,1.60,1.63,3.23,31.40,19.07,35.89,22.68,
60647,27/07/2026,11:49:17,43.00,1:28,4:45,014:46,4:58,000:00,025:57,1.54,1.55,3.09,32.00,20.58,35.62,21.88,
60647,30/07/2026,06:29:32,47.50,1:00,7:46,001:08,6:01,000:00,015:55,1.57,1.53,3.10,22.32,13.01,24.78,16.06,
60647,30/07/2026,11:12:51,57.50,2:06,6:53,000:22,6:44,000:00,016:05,1.58,1.52,3.10,25.44,14.45,24.56,15.08,
60647,30/07/2026,11:28:56,58.50,1:48,7:24,002:34,6:39,000:49,019:14,1.56,1.54,3.10,26.37,13.49,24.34,14.83,
60647,30/07/2026,11:48:10,58.50,2:25,6:06,000:23,17:46,001:41,028:21,1.56,3.77,5.33,24.84,16.03,41.20,15.52,
60647,31/07/2026,07:20:41,39.50,1:26,6:21,000:15,6:05,002:10,016:17,1.79,1.55,3.34,29.60,18.25,35.01,17.53,
60647,31/07/2026,07:36:58,39.00,1:34,5:56,000:12,5:21,000:00,013:03,1.54,1.55,3.09,29.49,16.60,33.26,18.83,
60647,31/07/2026,07:50:01,38.00,1:42,5:14,000:19,5:26,000:00,012:41,1.54,1.55,3.09,29.98,18.79,33.54,18.35,
60647,31/07/2026,08:02:42,32.50,1:52,6:10,001:02,6:01,000:00,015:05,1.54,1.55,3.09,28.94,16.59,46.94,17.83,
60647,31/07/2026,08:17:47,41.50,1:46,5:04,000:13,4:57,002:15,014:15,1.54,1.54,3.08,31.29,19.02,37.37,20.00,
60647,31/07/2026,08:32:02,35.00,1:46,4:55,000:13,5:30,005:50,018:14,1.55,1.53,3.08,30.53,20.30,43.11,21.25,
60647,31/07/2026,08:50:16,30.50,2:06,4:43,000:13,5:09,004:54,017:05,1.53,1.55,3.08,32.33,20.55,38.13,19.75,
60647,31/07/2026,09:07:21,38.00,1:33,5:12,000:13,5:38,000:11,012:47,1.55,1.54,3.09,31.07,19.09,33.64,20.12,
60647,31/07/2026,09:20:08,35.00,4:49,4:36,000:12,5:55,005:01,020:33,1.55,1.64,3.19,33.70,21.44,52.25,20.87,
60647,31/07/2026,10:42:31,43.00,1:43,5:18,000:15,5:27,008:24,021:07,1.53,1.51,3.04,31.24,20.16,46.67,20.56,
60647,31/07/2026,11:03:38,37.50,1:38,4:27,000:13,4:39,000:48,011:45,1.53,1.50,3.03,31.73,21.65,35.12,20.56,
60647,31/07/2026,11:15:23,47.00,3:23,5:19,000:12,5:38,000:01,014:33,1.49,1.51,3.00,30.63,18.69,38.08,19.11,
60647,31/07/2026,11:29:56,43.00,2:37,5:32,000:14,4:45,000:02,013:10,1.43,1.50,2.93,30.25,16.53,33.43,20.01,
60647,31/07/2026,11:43:06,48.00,1:32,7:11,000:46,1:03,019:29,090:01,1.56,16.09,17.65,25.71,15.02,44.15,17.61,
60647,31/07/2026,15:36:43,50.00,2:07,7:48,000:41,6:03,000:00,016:39,1.74,1.70,3.44,26.15,16.38,28.23,17.63,
60647,31/07/2026,15:53:22,51.00,1:13,5:58,000:17,5:55,000:00,013:23,1.74,1.69,3.43,29.38,18.96,29.60,18.06,
60647,31/07/2026,16:06:45,50.00,1:18,6:10,000:15,6:48,002:28,016:59,1.71,1.69,3.40,29.21,18.53,25.71,18.37,
60647,31/07/2026,16:23:44,49.00,0:46,6:25,000:19,6:33,004:15,018:18,1.75,1.63,3.38,27.74,18.72,29.05,16.40,
60647,31/07/2026,16:42:02,41.50,1:24,5:50,000:21,2:15,010:27,080:17,1.71,15.68,17.39,28.61,19.53,34.30,18.04,
60647,01/08/2026,15:17:04,57.50,1:30,5:43,000:19,4:59,000:00,012:31,1.72,1.74,3.46,36.05,19.39,46.56,23.77,
60647,01/08/2026,15:29:35,45.50,3:34,4:25,000:16,5:17,000:00,013:32,0.96,0.94,1.90,33.70,14.38,20.51,11.91,
60647,01/08/2026,15:43:07,54.00,3:15,4:28,000:22,4:02,000:00,012:07,0.96,1.02,1.98,35.45,15.30,26.53,16.18,
60647,01/08/2026,15:55:14,52.50,1:16,4:40,000:17,3:40,000:00,009:53,1.03,1.00,2.03,30.53,14.93,27.74,17.89,
60647,01/08/2026,16:05:07,52.00,1:44,4:51,000:15,4:12,001:04,012:06,1.02,0.99,2.01,38.19,15.53,31.51,16.01,
60647,01/08/2026,16:17:13,58.50,1:45,4:46,000:16,4:09,000:00,010:56,1.00,0.97,1.97,32.28,15.80,29.71,16.63,
60647,01/08/2026,16:28:09,53.00,1:31,4:45,000:17,4:33,001:59,013:05,1.02,1.02,2.04,31.57,15.70,27.74,15.83,
60647,01/08/2026,16:41:14,50.50,1:33,4:54,000:48,3:55,000:00,011:10,1.02,1.00,2.02,25.71,14.99,27.68,17.18,
60647,01/08/2026,16:52:24,56.00,1:46,7:53,000:14,4:58,002:23,017:14,1.03,1.03,2.06,33.59,13.23,27.24,14.72,
60647,01/08/2026,17:09:38,59.00,2:02,5:32,000:14,4:12,000:49,012:49,1.05,1.03,2.08,25.27,12.94,28.34,15.74,
60647,01/08/2026,17:22:27,42.00,1:43,9:06,000:16,6:50,001:50,019:45,1.00,1.10,2.10,26.97,14.19,26.04,12.96,
60647,01/08/2026,18:47:50,54.00,1:27,6:35,000:15,5:51,001:57,016:05,1.80,1.77,3.57,34.79,17.85,40.70,19.71,
60647,01/08/2026,19:03:55,55.50,3:30,6:02,000:15,7:02,000:00,016:49,1.58,1.55,3.13,25.27,16.56,33.92,19.33,
60647,01/08/2026,19:20:44,49.00,2:26,6:12,000:24,6:03,000:39,015:44,1.52,1.50,3.02,27.24,15.81,27.74,16.31,
60647,01/08/2026,19:36:28,57.50,1:55,6:53,000:17,4:01,000:00,013:06,1.57,1.47,3.04,27.79,15.88,38.73,24.55,
60647,01/08/2026,19:49:34,48.00,1:41,4:38,000:16,15:57,003:46,026:18,1.50,2.84,4.34,31.68,20.10,35.56,12.79,
60647,02/08/2026,07:24:28,43.50,1:53,5:56,000:23,6:00,001:36,015:48,1.52,1.51,3.03,28.34,16.06,26.70,17.58,
60647,02/08/2026,07:40:16,56.50,1:56,6:14,000:21,5:48,000:00,014:19,1.51,1.52,3.03,26.04,16.13,27.14,16.59,
60647,02/08/2026,07:54:35,59.50,2:38,6:30,000:23,6:19,009:14,025:04,1.53,1.48,3.01,26.31,16.59,25.71,16.23,
60647,02/08/2026,08:19:39,55.50,3:56,6:11,000:22,6:55,002:06,019:30,1.49,1.46,2.95,26.86,16.02,24.01,13.65,
60647,02/08/2026,08:39:09,59.00,2:57,6:04,000:26,6:22,001:13,017:02,1.49,1.47,2.96,26.31,15.58,26.97,15.83,
60647,02/08/2026,08:56:11,47.50,2:31,2:15,000:24,2:58,000:39,008:47,0.17,0.16,0.33,10.99,7.65,8.26,5.80,
60647,02/08/2026,09:04:58,38.00,4:25,2:05,000:29,2:49,005:16,015:04,0.18,0.14,0.32,11.92,8.37,7.65,5.35,
60647,02/08/2026,09:20:02,55.50,2:07,5:37,000:21,12:03,000:00,020:08,1.54,2.27,3.81,27.96,17.63,30.58,13.38,
60647,02/08/2026,10:37:59,58.50,1:53,7:15,000:25,6:12,000:00,015:45,1.75,1.70,3.45,24.73,15.19,27.57,16.95,
60647,02/08/2026,10:53:44,57.50,2:57,6:14,000:21,6:18,000:00,015:50,1.74,1.64,3.38,28.12,17.45,27.68,16.88,
60647,02/08/2026,11:09:34,40.50,1:34,6:06,000:23,6:02,002:18,016:23,1.74,1.69,3.43,26.86,17.86,28.72,18.35,
60647,02/08/2026,11:25:57,57.00,1:59,6:49,000:27,7:23,000:54,017:32,1.74,1.71,3.45,26.26,16.09,23.79,15.15,
60647,02/08/2026,11:43:29,57.00,2:01,8:03,000:24,0:22,009:31,080:21,1.75,15.59,17.34,20.62,13.50,33.54,16.38,
60647,02/08/2026,15:28:35,54.50,1:30,6:45,000:18,8:18,000:52,017:43,1.80,1.74,3.54,23.58,16.63,23.31,13.67,
60647,02/08/2026,15:46:18,52.50,1:33,6:39,000:18,8:16,000:00,016:46,1.80,1.76,3.56,25.05,16.85,25.44,13.37,
60647,02/08/2026,16:03:04,59.00,1:19,6:59,000:17,6:53,000:00,015:28,1.79,1.76,3.55,25.44,16.02,27.57,15.88,
60647,02/08/2026,16:18:32,56.00,2:08,7:02,000:17,7:25,000:00,016:52,1.79,1.74,3.53,25.60,16.04,24.89,14.78,
60647,02/08/2026,16:35:24,49.00,1:35,6:51,000:17,6:47,000:00,015:30,1.81,1.77,3.58,26.75,16.43,27.52,16.27,
60647,02/08/2026,16:50:54,46.00,1:54,7:22,000:18,8:08,000:00,017:42,1.80,1.76,3.56,25.93,15.29,21.17,13.51,
60647,02/08/2026,17:08:36,46.50,1:34,9:39,000:38,16:07,006:19,034:17,1.80,2.43,4.23,16.95,11.77,25.16,11.71,
60647,02/08/2026,18:35:32,49.00,1:51,7:06,000:15,8:25,000:00,017:37,1.79,1.75,3.54,26.53,16.35,21.06,13.71,
60647,02/08/2026,18:53:09,53.00,1:20,7:11,000:19,6:44,000:00,015:34,1.81,1.74,3.55,26.10,15.62,24.45,16.14,
60647,02/08/2026,19:08:43,57.50,2:42,8:17,000:19,9:51,000:00,021:09,1.80,1.75,3.55,23.09,14.30,17.78,11.08,
60647,02/08/2026,19:29:52,48.50,1:24,8:49,000:27,15:03,013:10,038:53,1.77,2.29,4.06,27.02,13.77,27.74,12.78,
60647,02/08/2026,23:05:22,44.00,1:15,6:03,000:19,5:59,000:00,013:36,1.79,1.77,3.56,34.08,18.55,31.46,19.69,
60647,02/08/2026,23:18:58,46.50,1:12,6:01,000:20,5:48,000:00,013:21,1.81,1.77,3.58,30.25,19.12,41.09,21.36,
60647,02/08/2026,23:32:19,51.50,1:23,6:28,000:18,4:51,000:00,013:00,1.78,1.76,3.54,31.02,17.32,41.69,23.45,
60647,02/08/2026,23:45:19,50.00,1:37,8:21,000:23,5:03,000:00,015:24,1.79,1.76,3.55,31.68,18.20,35.62,21.78,
60647,03/08/2026,00:00:43,52.50,1:28,5:45,000:17,6:52,000:31,014:53,1.82,1.74,3.56,32.55,20.06,27.63,17.32,
60647,03/08/2026,00:15:36,50.00,1:05,6:19,000:24,5:19,000:00,013:07,1.79,1.76,3.55,30.31,18.48,33.86,21.03,
60647,03/08/2026,00:28:43,46.50,1:32,5:17,000:27,4:51,000:00,012:07,1.79,1.75,3.54,33.76,21.78,39.88,22.76,
60647,03/08/2026,00:40:50,41.00,1:10,5:43,000:16,5:13,001:34,013:56,1.79,1.75,3.54,30.58,19.44,40.43,23.01,
60647,03/08/2026,00:54:46,51.50,1:10,5:29,000:17,6:02,003:11,016:09,1.79,1.73,3.52,37.53,21.58,34.03,19.42,
60647,03/08/2026,01:10:55,49.00,1:10,6:00,000:25,6:43,002:07,016:25,1.78,1.75,3.53,30.63,19.05,28.94,18.20,
60647,03/08/2026,01:27:20,54.00,1:08,6:05,000:16,4:52,000:02,012:23,1.78,1.75,3.53,36.77,20.86,43.66,23.73,
60647,03/08/2026,01:39:43,46.00,1:23,5:10,000:19,5:33,001:03,013:28,1.78,1.76,3.54,40.76,22.75,32.77,20.61,
60647,03/08/2026,01:53:11,55.00,1:23,6:38,000:19,6:54,000:02,015:16,1.85,1.75,3.60,28.78,17.99,31.51,16.25,
60647,03/08/2026,02:08:27,55.50,1:41,6:01,000:19,5:28,000:03,013:32,1.83,1.76,3.59,32.28,18.93,37.26,20.64,
60647,03/08/2026,02:21:59,47.00,0:57,4:59,000:41,1:19,006:29,074:25,1.53,15.53,17.06,36.05,23.29,45.79,17.09,
60647,03/08/2026,07:16:39,51.50,1:31,6:59,000:20,6:16,000:00,015:06,1.77,1.70,3.47,25.77,15.99,25.93,16.89,
60647,03/08/2026,07:31:45,53.50,1:35,7:18,000:20,6:56,000:00,016:09,1.75,1.69,3.44,25.98,15.39,26.64,15.78,
60647,03/08/2026,07:47:54,55.00,1:58,7:45,000:21,6:34,000:49,017:27,1.74,1.69,3.43,24.56,14.60,27.68,16.43,
60647,03/08/2026,08:05:21,50.50,1:14,6:39,000:21,6:28,000:00,014:42,1.72,1.69,3.41,26.20,16.82,27.79,16.23,
60647,03/08/2026,08:20:03,37.50,1:31,6:09,000:19,6:24,000:49,015:12,1.68,1.64,3.32,25.33,17.27,27.41,17.15,
60647,03/08/2026,08:35:15,49.00,1:56,5:15,000:20,5:48,004:42,018:01,1.45,1.40,2.85,28.34,17.52,27.57,16.26,
60647,03/08/2026,08:53:16,49.50,1:51,7:09,000:22,7:42,002:01,019:05,1.74,1.67,3.41,26.48,15.45,27.84,14.48,
60647,03/08/2026,09:12:21,57.50,1:55,8:30,000:20,17:24,008:05,036:14,1.74,2.19,3.93,18.93,13.03,23.19,10.58,
60647,03/08/2026,10:46:40,45.50,1:25,6:54,000:21,4:49,000:00,013:29,0.98,0.96,1.94,21.83,10.83,29.21,12.56,
60647,03/08/2026,11:00:09,57.00,1:45,5:44,000:20,4:31,000:00,012:20,0.99,0.96,1.95,23.03,12.40,26.15,13.57,
60647,03/08/2026,11:12:29,48.50,1:52,5:29,000:24,4:36,000:00,012:21,0.98,0.94,1.92,23.09,12.20,26.37,13.27,
60647,03/08/2026,11:24:50,45.00,1:57,5:49,000:23,4:34,000:00,012:43,0.99,0.94,1.93,20.79,12.02,25.93,12.92,
60647,03/08/2026,11:37:33,57.50,1:57,5:20,000:19,3:41,000:00,011:17,1.01,0.97,1.98,25.98,13.54,32.06,16.42,
60647,03/08/2026,11:48:50,43.50,1:54,6:32,000:21,10:04,009:45,076:36,0.96,14.52,15.48,25.71,13.52,39.56,17.31,
60647,04/08/2026,10:50:22,55.00,2:19,5:46,000:22,5:42,004:06,018:15,1.55,1.50,3.05,25.82,17.05,26.75,17.53,
60647,04/08/2026,11:08:37,52.00,2:16,6:22,000:24,6:13,000:00,015:15,1.52,1.51,3.03,25.55,16.04,25.71,16.20,
60647,04/08/2026,11:23:52,39.00,1:25,6:18,000:21,5:23,000:00,013:27,1.54,1.54,3.08,24.89,16.24,27.46,17.67,
60647,04/08/2026,11:37:19,56.50,2:13,5:03,000:50,4:45,000:00,012:51,1.57,1.52,3.09,28.72,19.61,35.29,20.95,
60647,04/08/2026,11:50:10,50.50,2:13,6:10,000:53,3:58,000:00,013:14,1.55,1.35,2.90,27.84,17.25,47.44,21.35,
60647,09/08/2026,15:52:18,49.00,1:55,2:47,000:29,2:34,000:00,007:45,0.48,0.50,0.98,17.34,11.55,22.21,12.28,
60647,09/08/2026,16:00:03,50.50,1:51,3:01,000:31,3:55,000:00,009:18,0.51,0.54,1.05,17.78,11.92,18.71,11.63,
60647,09/08/2026,16:09:21,50.00,2:32,2:46,000:36,12:16,005:06,083:16,0.50,15.78,16.28,19.64,12.73,36.43,14.90,
60647,12/08/2026,07:13:41,44.50,1:36,8:00,000:22,6:51,003:13,020:02,1.66,1.54,3.20,22.05,14.13,26.64,14.90,
60647,12/08/2026,07:33:43,48.50,1:17,5:15,000:22,7:54,000:53,015:41,1.53,1.86,3.39,27.90,18.51,33.64,15.14,
60647,12/08/2026,07:49:24,56.00,1:14,6:32,000:19,5:58,000:00,014:03,1.58,1.26,2.84,24.89,15.25,26.37,13.37,
60647,12/08/2026,08:03:27,54.50,1:09,7:30,000:28,6:25,000:39,016:11,1.58,1.27,2.85,22.92,13.24,24.95,12.42,
60647,12/08/2026,08:19:38,54.00,1:25,6:41,001:48,6:18,000:15,016:27,1.59,1.58,3.17,24.84,15.12,26.04,15.87,
60647,12/08/2026,08:36:05,47.50,1:43,6:13,001:43,7:15,002:47,019:41,1.54,1.54,3.08,25.71,16.00,27.96,14.38,
60647,12/08/2026,08:55:46,38.50,1:13,4:57,000:16,6:13,001:39,014:18,1.41,1.23,2.64,26.10,17.59,25.49,12.99,
60647,12/08/2026,09:10:04,51.50,1:12,6:38,000:18,12:42,005:30,026:20,1.55,1.99,3.54,23.47,14.65,25.05,11.99,
60647,12/08/2026,10:28:47,44.00,1:22,5:42,000:15,5:43,000:00,013:02,1.57,1.36,2.93,25.93,17.09,35.78,16.04,
60647,12/08/2026,10:41:49,48.00,1:09,6:35,000:21,7:14,000:39,015:58,1.58,1.58,3.16,25.93,15.84,28.39,15.15,
60647,12/08/2026,10:57:47,49.00,1:20,6:28,004:14,7:02,001:32,020:36,1.62,1.59,3.21,27.24,16.66,27.08,14.72,
60647,12/08/2026,11:18:23,50.00,1:23,6:03,000:18,5:55,000:56,014:35,1.49,1.24,2.73,27.19,15.90,24.29,13.65,
60647,12/08/2026,11:32:58,47.50,1:18,6:31,003:09,8:49,002:17,022:04,1.54,1.51,3.05,25.16,15.14,26.26,11.14,
60647,12/08/2026,11:55:02,48.50,1:17,5:42,001:14,3:11,008:30,079:54,1.50,14.79,16.29,28.28,17.38,32.50,16.31,
60647,12/08/2026,15:41:57,50.00,1:52,7:08,011:34,7:23,001:16,029:13,1.68,1.69,3.37,24.67,14.92,27.90,15.65,
60647,12/08/2026,16:11:10,56.50,2:06,6:11,000:15,7:06,000:00,015:38,1.56,1.49,3.05,25.05,16.73,27.68,15.57,
60647,12/08/2026,16:26:48,48.50,1:53,7:04,000:31,5:33,000:00,015:01,1.56,1.49,3.05,26.15,16.19,31.40,17.03,
60647,12/08/2026,16:41:49,53.00,1:44,6:20,000:17,5:53,000:00,014:14,1.51,1.43,2.94,25.00,15.91,26.80,16.02,
60647,12/08/2026,16:56:03,53.00,1:25,7:08,000:15,6:39,000:33,016:00,1.52,1.45,2.97,24.95,15.41,27.96,15.52,
60647,12/08/2026,17:12:03,55.00,1:30,5:33,000:47,4:32,000:00,012:22,1.49,1.44,2.93,29.93,17.63,43.11,21.08,
60647,12/08/2026,17:24:25,52.00,1:35,5:06,000:14,9:47,002:11,018:53,1.49,1.88,3.37,30.09,19.85,50.72,14.84,
60647,12/08/2026,18:50:31,53.00,2:20,5:54,000:16,6:46,002:26,017:42,1.50,1.44,2.94,23.58,15.89,34.19,14.75,
60647,12/08/2026,19:08:13,56.00,2:09,7:14,001:33,7:25,002:18,020:39,1.48,1.43,2.91,19.91,13.74,20.08,12.62,
60647,12/08/2026,19:28:52,52.00,1:38,7:16,000:39,7:12,002:06,018:51,1.49,1.43,2.92,17.89,12.76,18.21,13.01,
60647,12/08/2026,19:47:43,49.00,2:16,7:34,000:16,7:21,000:04,017:31,1.49,1.45,2.94,19.36,12.96,23.85,12.87,
60647,12/08/2026,20:05:14,41.00,1:44,9:55,001:27,15:37,005:45,034:28,1.58,1.98,3.56,13.73,9.84,16.74,7.93,
60647,19/08/2026,18:27:28,49.00,1:40,9:22,003:36,6:29,002:28,023:35,1.48,1.46,2.94,24.13,14.46,32.61,15.76,
60647,19/08/2026,18:51:03,45.50,1:21,6:51,001:26,12:09,005:10,026:57,1.52,1.57,3.09,24.40,15.05,27.35,11.99,
60647,21/08/2026,11:14:53,53.50,1:24,5:50,000:17,6:27,000:17,014:15,1.17,1.15,2.32,24.73,13.13,18.98,11.91,
60647,21/08/2026,11:29:08,52.00,1:54,7:02,000:16,7:01,006:56,023:09,1.16,1.13,2.29,19.14,11.43,18.71,11.58,
60647,21/08/2026,11:52:17,45.50,1:40,6:24,000:55,2:14,011:23,082:36,1.16,7.20,8.36,20.95,12.63,39.50,12.74,
60647,21/08/2026,17:37:24,59.50,1:00,14:04,025:37,11:14,000:00,051:55,1.31,1.21,2.52,14.60,8.47,14.06,7.29,
60647,27/08/2026,00:15:27,53.00,4:44,10:48,017:21,12:17,000:01,045:11,1.27,1.22,2.49,19.04,9.39,11.76,6.64,
60647,27/08/2026,01:00:38,46.50,2:33,10:47,000:24,15:25,007:24,036:33,1.26,1.24,2.50,14.00,8.10,12.20,7.04,
60647,27/08/2026,02:49:04,57.50,3:24,12:22,000:29,9:40,000:00,025:55,1.22,1.23,2.45,14.66,7.00,13.12,8.59,
60647,27/08/2026,03:14:59,50.50,3:46,10:47,000:26,10:14,000:00,025:13,1.24,1.25,2.49,14.93,8.00,13.73,8.21,
60647,27/08/2026,03:40:12,44.00,3:17,10:27,000:25,10:44,001:16,050:09,1.24,8.12,9.36,14.11,8.29,29.38,15.20,
60904,20/07/2026,23:07:33,53.50,2:21,5:29,000:45,4:46,000:00,013:21,1.57,1.60,3.17,30.58,18.15,34.68,21.11,
60904,20/07/2026,23:20:54,53.50,1:53,5:50,000:27,7:47,002:25,018:22,1.55,1.62,3.17,27.79,16.92,31.84,17.31,
60904,20/07/2026,23:39:16,55.50,1:49,5:33,000:31,5:26,001:53,015:12,1.54,1.59,3.13,28.50,17.56,30.97,19.11,
60904,20/07/2026,23:54:28,57.50,1:49,5:36,000:40,4:58,001:28,014:31,1.57,1.54,3.11,27.84,17.67,32.94,19.77,
60904,21/07/2026,00:08:59,58.00,7:14,6:31,000:21,6:13,005:58,026:17,1.53,1.67,3.20,29.98,16.37,31.13,18.20,
60904,21/07/2026,00:35:16,47.00,2:15,5:22,000:24,5:14,000:00,013:15,1.56,1.64,3.20,27.84,18.32,30.85,19.86,
60904,21/07/2026,00:48:31,58.00,1:56,5:41,000:30,5:13,000:00,013:20,1.57,1.63,3.20,27.41,18.00,34.68,20.43,
60904,21/07/2026,01:01:51,53.00,3:22,5:52,000:41,5:33,000:00,015:28,1.56,1.62,3.18,28.39,16.71,27.24,18.57,
60904,21/07/2026,01:17:19,49.00,2:06,6:54,000:32,5:48,002:38,017:58,1.55,1.66,3.21,25.77,14.83,28.39,18.32,
60904,21/07/2026,01:35:17,51.50,2:14,5:18,000:16,5:34,000:00,013:22,1.57,1.62,3.19,27.84,18.42,28.06,18.27,
60904,21/07/2026,01:48:39,46.50,2:22,6:23,000:17,5:03,000:00,014:05,1.59,1.61,3.20,30.36,15.36,34.58,20.22,
60904,21/07/2026,02:02:44,47.00,2:15,6:15,000:32,6:11,002:55,018:08,1.58,1.68,3.26,27.35,16.17,27.30,17.13,
60904,21/07/2026,02:20:52,50.00,1:44,7:33,000:30,8:53,003:09,069:49,1.55,16.07,17.62,25.71,13.54,38.08,17.88,
60904,21/07/2026,15:36:39,45.50,1:52,5:52,000:15,6:15,000:00,014:14,1.68,1.68,3.36,29.49,18.67,30.47,18.19,
60904,21/07/2026,15:50:53,50.00,1:59,19:56,010:08,5:44,000:48,038:35,5.04,1.66,6.70,32.22,16.44,29.71,18.24,
60904,21/07/2026,16:29:28,59.50,1:32,6:17,000:32,5:32,000:01,013:54,1.69,1.61,3.30,26.70,17.01,34.30,18.40,
60904,21/07/2026,16:43:22,53.50,1:35,6:59,000:40,5:14,000:00,014:28,1.68,1.63,3.31,26.86,15.24,33.43,19.32,
60904,21/07/2026,16:57:50,53.00,1:22,5:13,000:14,13:14,000:22,020:25,1.68,2.38,4.06,31.68,19.97,23.79,12.25,
60904,22/07/2026,16:01:36,43.00,1:25,7:45,000:15,7:23,000:00,016:48,1.67,1.62,3.29,25.66,13.54,22.65,14.15,
60904,22/07/2026,16:18:24,57.00,1:24,6:37,000:17,6:29,000:00,014:47,1.66,1.56,3.22,26.80,15.60,25.55,14.99,
60904,22/07/2026,16:33:11,39.50,1:12,7:09,000:16,6:15,000:00,014:52,1.65,1.57,3.22,24.07,14.72,24.18,15.90,
60904,22/07/2026,16:48:03,55.50,1:54,7:41,000:18,7:40,000:00,017:33,1.65,1.59,3.24,24.23,13.50,25.11,13.17,
60904,22/07/2026,17:05:36,48.50,1:10,7:35,000:17,7:05,000:00,016:07,1.70,1.59,3.29,25.05,14.17,24.84,14.52,
60904,22/07/2026,17:21:43,49.50,1:33,8:46,027:30,0:38,004:43,067:10,1.62,3.23,4.85,23.47,11.78,24.51,10.04,
60904,23/07/2026,16:02:06,52.50,0:56,5:55,000:13,7:18,000:00,014:22,1.70,1.59,3.29,27.57,17.99,30.25,14.91,
60904,23/07/2026,16:16:28,48.50,0:56,6:42,000:14,17:07,000:44,025:43,1.68,2.36,4.04,25.98,16.01,28.17,11.38,
60904,23/07/2026,18:02:44,45.50,1:08,8:03,000:13,6:48,000:00,016:12,1.73,1.61,3.34,24.18,14.14,28.67,15.05,
60904,23/07/2026,18:18:56,50.50,0:53,7:56,000:13,6:01,000:00,015:03,1.70,1.61,3.31,28.61,14.07,32.17,17.49,
60904,23/07/2026,18:33:59,35.50,0:35,5:21,000:16,15:44,000:04,022:00,1.70,2.52,4.22,31.89,20.16,34.30,11.27,
60904,23/07/2026,23:53:38,55.50,1:01,10:42,000:53,10:10,000:00,022:46,1.61,1.62,3.23,14.88,10.10,15.53,10.02,
60904,24/07/2026,00:16:24,56.50,1:56,3:38,018:05,9:07,000:15,057:01,3.62,1.62,5.24,17.50,8.94,29.60,13.40,
60904,24/07/2026,08:01:03,41.50,1:07,7:13,000:20,8:26,000:42,017:48,1.85,1.84,3.69,25.71,15.97,32.33,14.39,
60904,24/07/2026,08:18:51,46.50,1:08,7:33,000:19,6:39,000:00,015:39,1.84,1.85,3.69,27.52,15.39,29.93,17.50,
60904,24/07/2026,08:34:30,48.00,1:02,9:02,001:30,7:53,000:00,019:27,1.85,1.83,3.68,24.95,14.23,29.60,15.47,
60904,24/07/2026,08:53:57,41.50,0:44,7:13,008:42,6:24,005:34,028:37,1.74,1.57,3.31,26.31,15.35,37.53,16.26,
60904,24/07/2026,09:22:34,50.00,1:11,6:20,000:29,5:08,001:09,014:17,1.68,1.68,3.36,26.86,16.31,32.17,20.38,
60904,24/07/2026,09:36:51,61.00,1:09,5:00,000:57,5:09,000:48,013:03,1.17,1.46,2.63,30.09,15.44,32.39,18.40,
60904,24/07/2026,09:49:54,61.50,1:10,8:56,002:27,5:22,000:36,018:31,1.81,1.57,3.38,27.19,15.32,34.68,20.04,
60904,24/07/2026,10:08:25,58.50,1:45,6:13,000:42,5:22,009:21,071:23,1.58,16.00,17.58,27.57,15.64,42.24,19.53,
60904,24/07/2026,12:21:27,46.50,1:01,5:38,000:16,4:43,000:30,012:08,1.70,1.74,3.44,31.84,19.33,45.30,24.52,
60904,24/07/2026,12:33:35,55.00,1:20,5:43,000:16,6:49,005:04,019:12,1.72,1.78,3.50,35.94,20.28,45.74,19.94,
60904,24/07/2026,12:52:47,44.50,1:28,5:18,000:16,4:11,000:00,011:13,1.71,1.75,3.46,29.98,20.65,46.67,25.99,
60904,24/07/2026,13:04:00,50.50,1:31,5:38,000:13,7:00,003:56,018:18,1.71,1.70,3.41,30.53,19.41,46.18,19.41,
60904,24/07/2026,13:22:18,43.00,1:41,5:42,000:15,6:28,014:05,028:11,1.74,1.69,3.43,30.47,19.14,35.67,17.79,
60904,24/07/2026,13:50:29,51.00,1:05,5:29,000:14,5:02,000:00,011:50,1.72,1.75,3.47,30.42,20.00,44.48,22.89,
60904,24/07/2026,14:02:19,45.50,0:59,5:50,000:16,5:37,001:55,014:37,1.72,1.76,3.48,32.88,20.08,42.07,20.37,
60904,24/07/2026,14:16:56,56.00,2:11,5:49,000:14,5:59,002:44,016:57,1.75,1.71,3.46,32.06,19.29,46.67,22.26,
60904,24/07/2026,14:33:53,41.50,1:56,5:35,000:17,4:59,001:16,014:03,1.72,1.75,3.47,29.54,19.70,38.95,22.37,
60904,24/07/2026,14:47:56,41.50,1:47,6:18,000:16,6:23,001:17,016:01,1.77,1.71,3.48,30.58,18.17,25.98,17.25,
60904,24/07/2026,15:03:57,56.50,1:24,6:39,000:16,0:25,008:11,040:55,1.73,5.53,7.26,29.60,17.50,46.67,15.70,
60904,24/07/2026,23:14:56,51.50,0:57,5:23,000:15,5:38,000:01,012:14,1.69,1.69,3.38,28.39,19.92,31.29,18.89,
60904,24/07/2026,23:27:10,41.50,1:20,5:52,000:18,5:33,000:00,013:03,1.70,1.68,3.38,27.52,18.16,30.63,19.32,
60904,24/07/2026,23:40:13,53.00,1:02,5:31,000:17,5:52,000:01,012:43,1.69,1.67,3.36,28.61,19.05,27.46,17.65,
60904,24/07/2026,23:52:56,45.50,0:59,5:31,000:17,5:46,002:24,014:57,1.70,1.69,3.39,27.96,19.13,28.50,18.79,
60904,25/07/2026,00:07:53,50.00,1:14,5:36,000:17,5:59,000:02,013:08,1.67,1.68,3.35,27.79,18.62,30.31,17.90,
60904,25/07/2026,00:21:01,46.50,0:54,5:26,002:40,5:55,000:03,014:58,1.68,1.69,3.37,28.17,19.42,33.43,18.85,
60904,25/07/2026,00:35:59,52.50,1:15,5:40,000:16,5:57,000:01,013:09,1.69,1.71,3.40,28.94,18.74,26.92,17.88,
60904,25/07/2026,00:49:08,49.50,1:24,5:52,000:21,5:45,000:00,013:22,1.69,1.71,3.40,28.89,18.08,31.02,18.64,
60904,25/07/2026,01:02:30,52.50,1:00,6:37,000:16,5:48,000:01,013:42,1.69,1.71,3.40,26.15,15.92,27.68,18.36,
60904,25/07/2026,01:16:12,55.50,1:03,6:18,000:14,6:12,001:24,015:11,1.70,1.71,3.41,25.88,16.80,29.38,17.19,
60904,25/07/2026,01:31:23,59.00,1:09,7:48,000:16,6:15,000:02,015:30,1.68,1.70,3.38,26.48,14.76,29.81,17.00,
60904,25/07/2026,01:46:53,48.50,0:58,6:03,001:30,6:50,000:00,015:21,1.66,1.69,3.35,25.77,17.13,29.71,16.19,
60904,25/07/2026,02:02:14,57.50,1:14,6:50,000:17,6:40,000:02,015:03,1.68,1.71,3.39,26.15,15.44,24.23,15.92,
60904,25/07/2026,02:17:17,54.50,1:04,8:23,006:03,4:13,008:58,088:41,1.69,16.32,18.01,25.33,12.99,35.18,16.34,
60904,25/07/2026,09:00:52,59.00,1:30,6:43,000:29,5:32,000:00,014:14,1.84,1.82,3.66,27.46,17.29,27.96,20.21,
60904,25/07/2026,09:15:06,56.50,1:54,6:42,000:27,4:58,000:00,014:01,1.84,1.83,3.67,27.35,17.49,34.68,22.75,
60904,25/07/2026,09:29:07,60.50,1:38,6:22,000:36,10:50,000:05,019:31,1.83,2.69,4.52,30.20,18.63,35.89,16.48,
60904,25/07/2026,10:39:37,49.00,1:37,6:44,000:25,5:19,000:00,014:05,1.83,1.83,3.66,27.19,18.01,29.54,21.14,
60904,25/07/2026,10:53:42,48.50,1:29,6:24,000:26,5:36,000:00,013:55,1.83,1.83,3.66,27.68,17.71,28.94,20.03,
60904,25/07/2026,11:07:37,51.50,1:39,6:54,000:25,6:53,006:55,022:46,1.86,1.82,3.68,28.34,17.81,32.00,17.13,
60904,25/07/2026,11:30:23,52.50,2:11,5:47,000:36,7:07,003:53,019:34,1.62,1.61,3.23,28.61,17.97,26.20,16.50,
60904,25/07/2026,11:49:57,51.50,1:29,6:49,000:47,11:14,000:40,020:59,1.59,2.35,3.94,25.93,14.72,40.43,14.28,
60904,25/07/2026,12:10:56,58.50,1:19,6:13,000:32,9:03,003:31,020:38,1.81,2.08,3.89,32.66,18.22,45.74,16.27,
60904,25/07/2026,15:12:47,54.00,1:01,5:48,026:04,4:04,005:18,090:15,1.52,16.10,17.62,28.83,17.01,39.61,19.33,
60904,25/07/2026,16:43:48,58.00,1:09,5:06,000:17,4:49,000:00,011:21,1.49,1.50,2.99,29.49,18.58,45.41,20.26,
60904,25/07/2026,16:55:09,48.50,1:28,6:09,005:20,6:02,000:02,019:01,1.45,1.48,2.93,29.65,17.17,25.66,15.45,
60904,25/07/2026,17:14:10,42.00,1:09,7:00,000:14,6:26,000:00,014:49,1.48,1.50,2.98,22.97,14.02,30.58,15.48,
60904,25/07/2026,17:28:59,51.00,1:27,5:23,000:16,12:00,001:42,020:48,1.50,2.34,3.84,28.06,17.56,27.35,12.72,
60904,25/07/2026,18:46:04,53.00,1:11,5:48,000:14,5:21,000:00,012:34,1.50,1.50,3.00,29.32,17.56,30.31,17.36,
60904,25/07/2026,18:58:38,42.50,1:19,5:42,000:18,5:10,000:00,012:29,1.50,1.50,3.00,28.23,17.09,31.79,18.16,
60904,25/07/2026,19:11:07,49.50,1:09,5:22,000:16,5:23,000:00,012:10,1.50,1.51,3.01,27.96,17.33,27.57,17.31,
60904,25/07/2026,19:23:17,39.00,1:03,5:16,000:16,5:00,000:00,011:35,1.50,1.50,3.00,28.34,17.89,30.42,18.61,
60904,25/07/2026,19:34:52,59.00,1:15,5:27,000:16,4:44,000:00,011:42,1.51,1.50,3.01,28.61,17.54,31.46,19.76,
60904,25/07/2026,19:46:34,48.50,1:14,6:22,000:16,5:04,000:00,012:56,1.50,1.51,3.01,26.04,15.48,31.95,18.39,
60904,25/07/2026,19:59:30,55.50,1:13,5:23,000:15,9:42,000:00,016:33,1.51,2.35,3.86,29.05,17.69,35.12,15.37,
60904,25/07/2026,23:41:57,50.50,1:30,5:32,000:16,23:10,012:23,042:51,1.52,3.31,4.83,25.82,17.42,25.77,10.32,
60904,26/07/2026,08:56:35,50.50,1:43,6:09,000:24,6:55,000:34,015:45,1.67,1.60,3.27,27.14,17.50,27.79,16.97,
60904,26/07/2026,09:12:20,45.00,4:25,6:04,000:17,5:52,000:00,016:38,1.66,1.63,3.29,29.98,17.63,29.49,17.46,
60904,26/07/2026,09:28:58,49.50,1:50,5:30,000:14,13:51,008:57,030:22,1.67,2.44,4.11,30.03,19.08,29.93,12.21,
60904,26/07/2026,10:58:30,58.50,2:06,7:38,000:19,5:36,000:00,015:39,1.63,1.63,3.26,26.48,14.30,33.32,18.78,
60904,26/07/2026,11:14:09,50.00,2:19,5:24,000:19,5:37,000:00,013:39,1.62,1.63,3.25,30.97,19.10,30.03,18.22,
60904,26/07/2026,11:27:48,54.00,2:04,5:54,000:15,5:41,000:00,013:54,1.63,1.64,3.27,29.49,18.16,31.29,18.60,
60904,26/07/2026,11:41:42,52.00,2:13,6:46,000:15,5:52,000:00,015:06,1.64,1.63,3.27,25.22,15.19,27.74,17.66,
60904,26/07/2026,11:56:48,45.50,3:44,5:26,000:28,1:08,012:44,083:30,1.63,16.04,17.67,28.72,18.76,43.88,17.02,
60904,26/07/2026,15:29:23,55.50,1:14,5:36,000:20,6:36,000:00,013:46,1.73,1.71,3.44,28.34,19.60,37.86,21.12,
60904,26/07/2026,15:43:09,49.50,1:18,6:53,000:18,4:52,001:07,014:28,1.70,1.69,3.39,28.67,15.78,35.62,22.02,
60904,26/07/2026,15:57:37,45.50,1:13,8:18,000:14,7:47,000:00,017:32,1.71,1.79,3.50,27.90,13.98,29.98,14.38,
60904,26/07/2026,16:15:09,56.00,2:08,5:27,000:20,5:39,000:00,013:34,1.76,1.79,3.55,35.34,20.67,34.03,20.49,
60904,26/07/2026,16:28:43,57.00,1:16,7:07,000:32,6:55,000:18,016:08,1.78,2.01,3.79,33.81,16.28,37.15,18.91,
60904,26/07/2026,16:44:51,56.50,1:13,5:51,000:13,5:22,000:38,013:17,1.77,1.79,3.56,29.10,18.78,36.77,21.01,
60904,26/07/2026,16:58:08,48.00,1:29,5:35,000:14,4:35,000:00,011:53,1.77,1.76,3.53,30.03,19.96,47.10,24.06,
60904,26/07/2026,17:10:01,47.00,1:43,6:36,000:13,6:52,000:00,015:24,1.79,1.77,3.56,28.39,17.40,27.57,16.48,
60904,26/07/2026,17:25:25,56.00,1:53,6:53,000:16,11:05,003:05,023:12,1.75,2.46,4.21,30.31,16.04,26.80,14.77,
60904,26/07/2026,18:52:48,52.50,1:16,6:14,000:17,6:41,000:00,014:28,1.79,1.77,3.56,32.06,18.26,29.98,17.69,
60904,26/07/2026,19:07:16,48.00,1:31,6:08,000:15,6:56,000:00,014:50,1.74,1.80,3.54,32.22,18.30,25.55,16.66,
60904,26/07/2026,19:22:06,59.00,1:19,6:22,000:13,12:02,014:40,034:36,1.76,2.23,3.99,29.87,17.20,28.45,12.56,
60904,26/07/2026,23:30:32,53.00,2:14,7:45,001:59,5:15,000:00,017:13,1.52,1.52,3.04,24.29,12.48,38.62,19.24,
60904,26/07/2026,23:47:45,59.00,1:58,6:01,000:26,5:43,000:00,014:08,1.51,1.52,3.03,26.48,15.96,30.25,17.19,
60904,27/07/2026,00:01:53,58.00,2:21,6:34,000:22,4:54,000:00,014:11,1.50,1.51,3.01,28.67,14.91,39.44,19.95,
60904,27/07/2026,00:16:04,58.00,2:15,6:04,001:10,5:23,000:00,014:52,1.50,1.55,3.05,26.04,15.87,31.13,18.32,
60904,27/07/2026,00:30:56,52.00,1:43,6:04,000:25,5:41,000:06,013:59,1.51,1.52,3.03,28.12,16.06,45.08,19.29,
60904,27/07/2026,00:44:55,55.00,2:42,23:51,009:26,5:49,002:22,044:10,4.86,1.52,6.38,31.18,14.91,38.08,17.87,
60904,27/07/2026,01:29:05,52.00,1:40,5:44,006:53,11:48,011:43,037:48,1.52,1.54,3.06,29.43,16.85,25.16,10.53,
60904,27/07/2026,02:49:17,52.50,1:33,6:42,000:24,5:12,000:05,013:56,1.51,1.54,3.05,24.95,14.45,32.22,18.96,
60904,27/07/2026,03:03:13,59.50,1:56,5:53,000:26,5:31,000:32,014:18,1.52,1.52,3.04,28.23,16.12,35.34,18.06,
60904,27/07/2026,03:17:31,46.00,2:22,6:28,000:21,7:23,001:09,017:43,1.53,1.53,3.06,27.35,14.82,26.53,14.07,
60904,27/07/2026,03:35:14,53.50,2:03,5:49,000:22,5:28,000:26,014:08,1.51,1.53,3.04,28.39,16.67,29.93,17.80,
60904,27/07/2026,03:49:22,58.00,1:48,8:31,000:27,0:29,001:44,072:59,1.52,16.74,18.26,18.71,11.24,40.16,17.38,
60904,27/07/2026,07:00:35,51.00,1:42,5:23,000:15,5:15,002:56,015:31,1.51,1.54,3.05,28.39,17.80,36.60,18.31,
60904,27/07/2026,07:16:06,55.50,1:50,5:17,000:15,4:30,000:00,011:52,1.53,1.53,3.06,28.56,18.18,43.93,21.66,
60904,27/07/2026,07:27:58,53.50,1:32,5:08,000:14,4:42,000:00,011:36,1.54,1.55,3.09,31.02,18.76,34.96,20.50,
60904,27/07/2026,07:39:34,42.00,1:26,6:28,000:18,4:38,002:12,015:02,1.53,1.53,3.06,29.43,16.59,43.99,21.60,
60904,27/07/2026,07:54:36,43.00,1:16,4:49,000:17,4:39,000:00,011:01,1.55,1.53,3.08,32.50,20.03,42.40,21.63,
60904,27/07/2026,08:05:37,51.50,1:21,4:42,000:17,4:28,000:00,010:48,1.54,1.53,3.07,32.22,20.39,33.43,21.36,
60904,27/07/2026,08:16:25,55.00,1:17,5:03,000:16,4:21,000:00,010:57,1.52,1.54,3.06,31.13,19.29,44.21,21.85,
60904,27/07/2026,08:27:22,43.50,1:25,5:26,000:29,3:54,000:00,011:14,1.53,1.54,3.07,29.32,17.60,47.87,24.78,
60904,27/07/2026,08:38:36,45.00,1:18,5:31,001:06,4:35,000:00,012:30,1.52,1.56,3.08,29.38,17.70,43.22,21.15,
60904,27/07/2026,08:51:06,52.00,1:30,4:58,000:17,4:33,000:00,011:18,1.54,1.55,3.09,30.20,19.98,35.34,21.08,
60904,27/07/2026,09:02:24,41.50,1:31,5:13,000:14,4:58,000:00,011:56,1.53,1.52,3.05,29.21,18.84,41.96,20.78,
60904,27/07/2026,09:14:20,56.50,1:34,2:34,000:18,2:09,001:30,008:05,0.27,0.24,0.51,25.66,9.47,17.17,8.64,
60904,27/07/2026,09:22:25,58.50,1:16,4:56,000:15,12:25,005:22,024:14,1.54,2.37,3.91,29.81,19.69,24.78,12.81,
60904,27/07/2026,10:48:50,52.00,1:08,4:53,000:15,4:37,000:00,010:53,1.54,1.56,3.10,31.24,19.79,37.97,20.96,
60904,27/07/2026,10:59:43,41.50,1:09,5:12,000:16,4:38,000:14,011:29,1.54,1.55,3.09,28.89,18.51,42.40,21.23,
60904,27/07/2026,11:11:12,41.00,1:28,5:39,000:17,3:45,000:00,011:09,1.54,1.34,2.88,28.56,17.57,44.70,22.78,
60904,27/07/2026,11:22:21,46.00,1:28,4:10,000:16,4:47,000:00,010:41,1.26,1.56,2.82,30.03,19.72,38.52,20.28,
60904,27/07/2026,11:33:02,40.50,1:32,5:04,000:15,4:14,000:00,011:05,1.53,1.56,3.09,28.99,19.04,43.99,23.40,
60904,27/07/2026,11:44:07,48.50,1:40,5:13,000:16,4:36,000:00,011:45,1.53,1.56,3.09,29.71,18.56,38.24,20.83,
60904,27/07/2026,11:55:52,58.50,1:44,5:45,000:15,21:41,082:06,3:31,1.31,22.31,23.62,23.91,14.71,46.34,7.49,
60904,30/07/2026,15:45:17,56.00,2:57,9:01,000:21,8:21,000:00,020:40,1.82,1.79,3.61,25.66,13.21,27.08,14.85,
60904,30/07/2026,16:05:57,56.00,2:17,7:19,000:49,7:07,000:00,017:32,1.77,1.80,3.57,25.27,15.73,28.34,15.82,
60904,30/07/2026,16:23:29,49.00,2:47,6:56,000:16,6:56,000:00,016:55,1.78,1.76,3.54,26.75,16.28,27.90,15.94,
60904,30/07/2026,16:40:24,56.50,3:10,7:17,000:20,6:52,001:49,019:28,1.78,1.80,3.58,24.95,15.23,28.94,16.90,
60904,30/07/2026,16:59:52,66.00,2:14,7:42,000:20,8:43,002:13,021:12,1.74,1.72,3.46,23.03,14.51,28.28,13.67,
60904,30/07/2026,17:21:04,50.00,1:52,7:40,006:34,16:35,010:09,042:50,1.69,2.43,4.12,25.66,14.43,19.09,9.28,
60904,30/07/2026,19:08:32,56.00,2:07,8:06,000:20,8:20,000:21,019:14,1.72,1.72,3.44,21.00,13.24,22.97,13.48,
60904,30/07/2026,19:27:46,57.00,1:54,7:49,000:20,7:51,000:00,017:54,1.72,1.73,3.45,24.51,13.72,24.29,13.78,
60904,30/07/2026,19:45:40,51.50,2:11,7:22,000:17,6:50,000:00,016:40,1.85,1.87,3.72,24.89,15.75,27.57,17.23,
60904,30/07/2026,20:02:20,58.50,2:01,5:30,000:15,14:26,015:31,037:43,1.66,2.31,3.97,27.90,18.99,31.18,11.89,
60904,30/07/2026,23:20:04,56.00,2:05,6:43,000:23,6:34,000:00,015:45,1.69,1.68,3.37,28.56,16.08,26.15,15.94,
60904,30/07/2026,23:35:49,43.00,1:36,8:37,000:31,6:59,001:48,019:31,1.70,1.69,3.39,24.73,12.69,27.63,15.66,
60904,30/07/2026,23:55:20,43.00,1:45,7:25,000:22,6:58,000:00,016:30,1.71,1.67,3.38,27.74,14.94,27.57,15.82,
60904,31/07/2026,00:11:50,46.00,1:28,6:25,000:25,8:03,000:26,016:47,1.67,1.64,3.31,26.92,16.25,25.49,14.50,
60904,31/07/2026,00:28:37,52.50,1:24,6:46,000:23,9:58,001:57,020:28,1.69,1.66,3.35,25.98,15.65,25.38,14.34,
60904,31/07/2026,00:49:05,54.00,1:35,8:14,000:22,7:42,000:01,017:54,1.77,1.76,3.53,24.62,13.50,28.45,15.61,
60904,31/07/2026,01:06:59,48.00,1:53,8:18,001:59,6:21,000:00,018:31,1.80,1.81,3.61,25.27,14.28,37.26,18.50,
60904,31/07/2026,01:28:03,49.50,1:38,7:33,003:33,11:13,007:11,031:08,1.77,1.75,3.52,27.96,15.15,23.52,11.16,
60904,31/07/2026,02:49:59,57.50,1:55,7:35,000:30,6:37,002:31,019:08,1.78,1.76,3.54,26.59,15.06,31.95,17.15,
60904,31/07/2026,03:09:07,56.00,1:28,8:53,000:32,7:05,001:47,019:45,1.81,1.74,3.55,25.88,13.22,33.21,16.83,
60904,31/07/2026,03:28:52,46.00,1:33,7:16,000:30,6:58,000:01,016:18,1.76,1.76,3.52,27.19,15.32,27.57,16.00,
60904,31/07/2026,03:45:10,48.00,1:46,6:23,000:22,5:37,000:00,014:08,1.76,1.76,3.52,30.03,17.32,39.72,19.89,
60904,31/07/2026,03:59:18,58.00,1:46,5:38,000:27,1:34,012:55,082:20,1.74,16.30,18.04,35.01,19.86,41.14,17.23,
60904,31/07/2026,09:21:47,55.00,1:30,8:16,000:15,12:31,003:52,026:24,1.76,2.62,4.38,29.21,13.44,32.39,14.14,
60904,31/07/2026,10:52:20,58.00,1:08,5:38,000:13,5:24,000:00,012:23,1.79,1.79,3.58,34.79,20.13,36.65,21.20,
60904,31/07/2026,11:04:43,46.00,1:34,5:36,000:15,6:11,006:23,019:59,1.81,1.77,3.58,37.20,20.40,29.93,18.55,
60904,31/07/2026,11:24:42,47.50,1:32,6:02,000:14,5:12,000:00,013:00,1.83,1.86,3.69,29.32,19.04,41.80,22.95,
60904,31/07/2026,11:37:42,52.50,1:20,6:34,000:15,6:57,000:14,015:20,1.82,1.84,3.66,25.33,17.30,28.01,16.70,
60904,31/07/2026,11:53:02,53.00,1:46,9:06,000:21,14:57,013:18,039:28,1.82,2.91,4.73,21.94,13.06,33.98,14.86,
60904,31/07/2026,15:36:05,32.50,2:04,5:24,000:15,8:57,000:00,016:40,1.79,1.76,3.55,31.68,21.33,34.63,18.55,
60904,31/07/2026,15:52:45,54.00,1:14,6:49,000:14,6:02,000:01,014:20,1.75,1.82,3.57,29.93,18.28,34.03,19.22,
60904,31/07/2026,16:07:05,58.00,2:27,6:32,000:14,6:55,005:07,021:15,1.78,1.83,3.61,29.60,18.73,28.28,16.67,
60904,31/07/2026,16:28:20,53.00,1:53,5:58,000:13,5:25,001:35,015:04,1.81,1.76,3.57,30.15,18.93,34.79,20.58,
60904,31/07/2026,16:43:24,46.50,1:22,5:14,000:14,6:01,001:36,014:27,1.74,1.74,3.48,31.02,20.68,31.89,18.25,
60904,31/07/2026,16:57:51,58.50,1:22,5:33,000:14,6:01,000:01,013:11,1.73,1.75,3.48,29.16,19.50,27.68,18.06,
60904,31/07/2026,17:11:02,49.50,1:19,5:39,000:15,5:33,000:00,012:46,1.73,1.74,3.47,29.81,18.98,31.57,19.66,
60904,31/07/2026,17:23:48,47.00,1:26,6:18,000:17,13:10,000:04,021:15,1.73,2.47,4.20,26.48,16.93,19.47,11.82,
60904,31/07/2026,18:45:20,59.50,1:12,5:34,000:18,6:15,000:00,013:19,1.74,1.73,3.47,28.83,19.57,31.18,17.75,
60904,31/07/2026,18:58:39,57.00,1:20,6:39,000:22,6:08,000:01,014:30,1.76,1.73,3.49,26.64,17.18,28.61,17.22,
60904,31/07/2026,19:13:09,41.00,1:21,6:33,001:15,6:46,000:02,015:57,1.74,1.73,3.47,26.10,16.36,27.79,16.53,
60904,31/07/2026,19:29:06,53.50,1:29,6:49,000:24,6:26,002:15,017:23,1.77,1.71,3.48,25.88,16.27,25.00,16.35,
60904,31/07/2026,19:46:29,56.00,1:28,6:56,000:20,6:12,000:00,014:56,1.76,1.73,3.49,25.49,16.19,35.18,19.83,
60904,31/07/2026,20:01:25,38.00,1:30,5:13,001:30,11:47,000:55,020:55,1.44,2.30,3.74,29.05,18.97,32.55,13.09,
60904,31/07/2026,23:20:21,59.00,1:48,9:23,000:19,7:33,000:00,019:03,1.79,1.78,3.57,24.89,12.24,27.52,14.49,
60904,31/07/2026,23:39:24,55.00,1:35,10:58,000:39,6:55,000:00,020:07,1.86,1.77,3.63,26.48,12.85,26.42,15.86,
60904,31/07/2026,23:59:31,48.50,1:39,8:59,000:19,7:46,000:00,018:43,1.73,1.77,3.50,21.66,12.04,29.43,14.52,
60904,01/08/2026,00:18:14,48.00,1:46,8:12,001:53,7:55,000:43,020:29,1.77,1.80,3.57,23.31,13.63,27.02,14.51,
60904,01/08/2026,00:38:43,52.00,1:28,8:30,000:42,7:28,000:00,018:08,1.76,1.80,3.56,29.10,13.39,31.13,15.54,
60904,01/08/2026,00:56:51,43.00,1:34,7:37,000:21,10:56,012:05,032:33,1.79,1.78,3.57,29.38,14.98,20.95,10.85,
60904,01/08/2026,03:00:41,54.00,1:11,9:31,001:38,8:06,001:44,022:10,1.78,1.79,3.57,23.69,11.96,31.29,14.14,
60904,01/08/2026,03:22:51,58.00,1:32,10:50,000:30,7:51,001:37,022:20,1.79,1.79,3.58,20.18,10.37,27.35,14.58,
60904,01/08/2026,03:45:11,50.00,1:29,8:12,000:18,0:47,007:48,078:34,1.75,15.78,17.53,25.38,13.17,35.73,16.47,
60904,01/08/2026,07:20:26,38.00,0:57,6:06,000:16,5:49,000:00,013:08,1.85,1.85,3.70,33.21,19.89,33.81,21.01,
60904,01/08/2026,07:33:34,56.50,1:07,6:47,000:16,5:36,023:39,037:25,1.89,1.92,3.81,34.36,20.08,38.30,22.24,
60904,01/08/2026,08:10:59,56.50,1:00,6:19,000:16,5:15,000:00,012:50,1.95,1.93,3.88,33.48,19.54,38.57,23.08,
60904,01/08/2026,08:23:49,48.00,1:09,6:25,000:32,5:48,001:17,015:11,1.95,1.96,3.91,36.55,19.52,40.38,23.02,
60904,01/08/2026,08:39:00,50.50,0:56,6:19,000:27,5:46,036:24,049:52,1.95,1.87,3.82,43.39,20.17,49.79,24.84,
60904,01/08/2026,09:28:52,55.00,1:23,5:55,000:16,10:22,001:14,019:10,1.89,2.63,4.52,32.50,20.62,41.63,17.73,
60904,01/08/2026,10:45:12,46.00,1:22,6:01,001:15,14:19,002:04,025:01,1.04,2.54,3.58,25.98,12.32,35.94,14.65,
60904,01/08/2026,15:25:54,58.50,1:08,5:46,000:18,5:55,000:01,013:08,1.96,1.92,3.88,33.59,21.08,34.90,20.26,
60904,01/08/2026,15:39:02,49.00,1:19,5:52,000:23,6:10,000:00,013:44,1.94,1.92,3.86,33.04,21.08,31.89,19.31,
60904,01/08/2026,15:52:46,58.50,1:16,5:29,000:16,5:42,000:04,012:47,1.90,1.89,3.79,32.28,21.24,32.77,20.99,
60904,01/08/2026,16:05:33,57.00,1:06,5:34,000:15,5:51,000:01,012:47,1.89,1.88,3.77,33.10,20.92,32.39,21.42,
60904,01/08/2026,16:18:20,43.50,1:18,5:32,000:15,7:17,000:00,014:22,1.90,1.88,3.78,33.10,21.51,33.86,19.02,
60904,01/08/2026,16:32:42,42.50,1:29,5:23,000:15,6:13,000:29,013:49,1.88,1.87,3.75,31.29,21.77,33.32,18.99,
60904,01/08/2026,16:46:31,58.00,1:26,5:17,000:17,4:51,001:52,013:43,1.18,1.14,2.32,33.26,15.35,29.32,15.29,
60904,01/08/2026,17:00:14,59.00,1:09,5:55,000:15,5:56,000:01,013:16,1.94,1.93,3.87,30.25,20.40,30.91,20.47,
60904,01/08/2026,17:13:30,55.50,1:09,6:03,000:17,6:11,000:04,013:44,1.95,1.91,3.86,28.72,20.40,27.41,19.26,
60904,01/08/2026,17:27:14,53.50,1:28,6:28,000:22,11:16,001:03,020:37,1.97,2.59,4.56,28.28,19.22,27.90,14.43,
60904,01/08/2026,18:48:11,47.50,1:13,5:05,000:25,5:15,001:20,013:18,1.66,1.65,3.31,35.18,20.29,30.63,19.66,
60904,01/08/2026,19:01:29,47.00,1:18,5:39,000:28,5:52,001:15,014:32,1.66,1.63,3.29,30.69,18.28,29.60,17.85,
60904,01/08/2026,19:16:01,58.00,1:12,5:06,000:22,7:24,000:11,014:15,1.67,1.65,3.32,28.01,20.36,25.22,15.92,
60904,01/08/2026,19:30:16,51.00,1:22,5:38,000:15,7:22,000:03,014:40,1.67,1.67,3.34,29.81,18.40,27.14,17.54,
60904,01/08/2026,19:44:56,58.00,1:35,4:57,000:20,7:00,001:08,015:00,1.71,1.71,3.42,37.20,21.61,34.19,19.96,
60904,01/08/2026,19:59:56,55.50,1:25,5:41,000:20,8:53,014:10,030:29,1.74,2.37,4.11,36.98,20.21,45.08,16.98,
60904,02/08/2026,07:35:20,47.00,2:44,5:51,000:17,5:05,000:00,013:57,1.74,1.82,3.56,35.12,18.62,33.98,23.16,
60904,02/08/2026,07:49:17,53.50,0:57,6:07,000:17,5:48,000:01,013:10,1.84,1.73,3.57,31.84,19.65,28.50,19.64,
60904,02/08/2026,08:02:27,48.50,2:30,5:56,000:17,5:05,000:00,013:48,1.75,1.81,3.56,31.79,19.21,37.53,23.64,
60904,02/08/2026,08:16:15,40.50,1:25,5:59,000:16,5:53,000:00,013:33,1.85,1.73,3.58,36.98,19.88,29.32,18.29,
60904,02/08/2026,08:29:48,40.00,1:51,6:58,000:18,4:42,000:01,013:50,1.77,1.70,3.47,33.64,17.07,34.25,22.34,
60904,02/08/2026,08:43:38,53.00,1:56,6:53,000:15,5:04,000:06,014:14,1.76,1.72,3.48,30.42,17.78,34.96,21.09,
60904,02/08/2026,08:57:52,48.50,1:56,6:33,000:15,5:01,000:03,013:48,1.77,1.82,3.59,28.78,17.40,34.90,22.77,
60904,02/08/2026,09:11:40,44.00,1:13,7:27,000:16,5:31,000:00,014:27,1.85,1.76,3.61,29.87,17.29,36.27,19.75,
60904,02/08/2026,09:26:07,50.00,1:26,8:52,000:18,11:30,002:28,024:34,1.87,2.32,4.19,28.61,14.69,32.00,13.06,
60904,02/08/2026,10:51:00,50.00,1:32,5:34,000:23,6:02,000:01,013:32,1.67,1.63,3.30,32.66,18.65,28.61,18.46,
60904,02/08/2026,11:04:32,56.50,2:05,5:08,000:15,5:47,000:01,013:16,1.65,1.68,3.33,28.83,19.83,32.11,18.33,
60904,02/08/2026,11:17:48,55.50,2:05,5:45,000:22,6:19,000:00,014:31,1.69,1.67,3.36,28.17,18.57,27.79,18.24,
60904,02/08/2026,11:32:19,47.50,1:47,5:35,000:16,4:57,000:00,012:35,1.63,1.65,3.28,26.15,18.54,28.61,21.31,
60904,02/08/2026,11:44:54,45.00,1:46,5:28,000:17,5:56,000:02,013:29,1.67,1.68,3.35,29.05,19.23,29.05,17.67,
60904,02/08/2026,11:58:23,44.50,2:18,6:22,045:12,9:47,003:42,19:21,1.63,15.81,17.44,28.94,16.33,34.52,17.43,
60904,02/08/2026,15:23:52,56.50,1:41,6:26,000:28,7:24,001:38,017:37,1.85,1.76,3.61,32.22,18.24,33.81,16.47,
60904,02/08/2026,15:41:29,42.00,1:10,4:56,000:39,3:42,000:00,010:27,1.21,1.19,2.40,31.46,15.46,36.33,20.54,
60904,02/08/2026,15:51:56,56.50,1:34,8:08,000:21,4:11,000:22,014:36,1.60,1.39,2.99,33.26,13.76,37.64,21.24,
60904,02/08/2026,16:06:32,55.00,1:13,6:07,000:27,4:07,000:00,011:54,1.44,1.40,2.84,30.97,15.28,38.62,22.31,
60904,02/08/2026,16:18:26,59.00,1:28,6:34,003:09,4:28,001:39,017:18,1.45,1.41,2.86,37.37,15.63,36.33,20.44,
60904,02/08/2026,16:35:44,52.00,2:31,8:51,000:30,5:33,019:21,036:46,1.45,1.43,2.88,37.09,13.24,30.69,17.52,
60904,02/08/2026,17:12:30,58.50,1:29,8:09,000:24,5:46,000:00,015:48,1.81,1.81,3.62,32.33,16.88,39.99,19.35,
60904,02/08/2026,17:28:18,58.00,1:22,7:25,000:27,11:24,004:12,024:50,1.51,1.59,3.10,29.87,13.07,26.20,9.47,
60904,02/08/2026,18:44:01,44.50,1:12,7:18,000:24,6:49,000:00,015:43,1.82,1.78,3.60,27.52,15.68,32.99,16.76,
60904,02/08/2026,18:59:44,57.50,1:34,6:44,000:25,6:03,000:01,014:47,1.83,1.75,3.58,30.80,17.16,30.09,18.04,
60904,02/08/2026,19:14:31,54.00,1:20,5:35,000:56,6:44,001:12,015:47,1.82,1.77,3.59,29.98,20.48,30.31,16.79,
60904,02/08/2026,19:30:18,54.50,1:23,6:20,000:29,6:30,002:49,017:31,1.81,1.77,3.58,30.58,18.22,42.07,18.33,
60904,02/08/2026,19:47:49,47.50,1:34,6:44,000:18,12:19,011:56,032:51,1.71,2.32,4.03,32.28,16.42,27.84,12.64,
60904,02/08/2026,23:13:34,46.50,1:17,6:38,000:18,5:51,000:00,014:04,1.81,1.80,3.61,28.45,17.12,30.25,19.23,
60904,02/08/2026,23:27:38,52.00,1:09,6:06,000:18,5:42,000:00,013:15,1.80,1.78,3.58,29.38,19.01,37.37,19.88,
60904,02/08/2026,23:40:53,54.50,1:19,6:23,000:21,4:36,000:00,012:39,1.79,1.80,3.59,30.53,17.60,37.80,24.18,
60904,02/08/2026,23:53:32,59.00,1:18,6:23,000:53,6:01,000:00,014:35,1.82,1.80,3.62,32.82,17.84,35.01,18.40,
60904,03/08/2026,00:08:07,46.00,1:15,7:08,001:36,5:46,000:00,015:45,1.81,1.76,3.57,32.82,16.12,36.55,19.57,
60904,03/08/2026,00:23:52,56.50,1:31,5:51,000:14,4:28,000:00,012:04,1.79,1.77,3.56,41.80,19.34,41.25,24.56,
60904,03/08/2026,00:35:56,43.50,1:34,6:26,000:16,4:42,000:00,012:58,1.80,1.77,3.57,38.62,18.16,43.99,23.72,
60904,03/08/2026,00:48:54,55.00,1:08,6:27,000:14,6:09,000:12,014:10,1.80,1.80,3.60,35.01,18.59,32.88,18.79,
60904,03/08/2026,01:03:04,42.00,1:34,6:36,000:16,6:18,001:53,016:37,1.80,1.76,3.56,41.47,17.65,30.80,18.64,
60904,03/08/2026,01:19:41,48.50,1:07,5:24,000:14,5:14,000:00,011:59,1.80,1.78,3.58,39.28,21.14,36.93,21.04,
60904,03/08/2026,01:31:40,31.00,1:14,6:53,000:14,5:25,000:00,013:46,1.82,1.78,3.60,29.54,16.68,33.37,20.34,
60904,03/08/2026,01:45:26,45.50,1:24,6:04,000:16,4:37,000:00,012:21,1.80,1.80,3.60,36.27,18.57,43.88,25.16,
60904,03/08/2026,01:57:47,34.00,1:23,5:57,000:25,5:56,000:00,013:41,1.72,1.68,3.40,30.15,18.09,39.72,18.46,
60904,03/08/2026,02:11:28,55.00,1:21,5:41,000:13,4:21,000:01,011:37,1.72,1.66,3.38,31.07,19.02,42.57,23.91,
60904,03/08/2026,02:23:05,52.50,1:23,6:32,025:47,10:10,013:03,8:55,1.83,16.27,18.10,37.64,17.65,40.76,17.89,
60904,03/08/2026,07:26:09,58.00,1:55,5:21,000:16,5:21,002:03,014:56,1.72,1.68,3.40,32.28,20.24,33.76,21.02,
60904,03/08/2026,07:41:05,51.00,1:22,5:05,000:15,4:43,000:01,011:26,1.70,1.68,3.38,33.59,21.16,32.11,22.16,
60904,03/08/2026,07:52:31,50.00,1:53,5:14,000:19,4:57,000:00,012:23,1.72,1.67,3.39,33.59,20.60,32.88,21.07,
60904,03/08/2026,08:04:54,46.50,2:01,5:32,000:18,4:44,000:00,012:35,1.72,1.67,3.39,35.12,20.80,32.94,21.99,
60904,03/08/2026,08:17:29,54.50,1:49,5:01,000:15,5:02,000:01,012:08,1.70,1.66,3.36,35.78,21.06,33.59,20.54,
60904,03/08/2026,08:29:37,47.00,2:36,6:46,000:15,5:13,000:00,014:50,1.80,1.79,3.59,28.12,17.04,34.30,21.10,
60904,03/08/2026,08:44:27,46.00,1:46,4:37,000:14,4:00,000:43,011:20,1.54,1.53,3.07,35.56,21.61,37.80,23.92,
60904,03/08/2026,08:55:47,46.50,2:39,4:48,000:17,5:36,001:59,015:19,1.52,1.50,3.02,32.28,19.79,32.50,19.44,
60904,03/08/2026,09:11:06,53.00,2:10,5:19,000:19,6:29,001:43,016:00,1.54,1.52,3.06,32.61,20.45,36.98,20.99,
60904,03/08/2026,09:27:06,59.50,2:19,5:22,000:23,18:39,007:24,034:07,1.54,2.25,3.79,29.76,18.31,28.34,10.21,
60904,03/08/2026,11:00:10,45.00,1:59,6:19,000:14,3:57,001:29,013:58,1.07,1.04,2.11,29.54,12.86,28.78,16.65,
60904,03/08/2026,11:14:08,43.00,2:04,5:06,000:16,4:54,002:51,015:11,1.53,1.52,3.05,30.53,19.13,33.98,19.46,
60904,03/08/2026,11:29:19,45.00,2:04,6:14,000:15,5:35,002:00,016:08,1.80,1.81,3.61,28.06,18.46,31.18,20.36,
60904,03/08/2026,11:45:27,45.50,2:20,5:51,000:13,5:43,002:26,016:33,1.58,1.57,3.15,28.39,17.71,28.56,17.54,
60904,03/08/2026,12:02:00,58.00,1:53,6:56,036:44,8:45,015:03,21:21,1.58,15.88,17.46,39.72,19.54,53.62,18.25,
60904,03/08/2026,15:59:02,56.50,2:01,6:06,000:20,5:12,003:19,016:58,1.39,1.35,2.74,26.04,14.93,34.25,16.76,
60904,03/08/2026,16:16:00,47.50,2:08,5:32,000:16,3:33,000:00,011:29,0.87,0.85,1.72,25.98,10.96,33.48,15.20,
60904,03/08/2026,16:27:29,47.50,2:02,5:23,000:19,4:15,000:00,011:59,0.87,0.86,1.73,27.02,11.19,33.98,13.75,
60904,03/08/2026,16:39:28,56.00,2:19,5:48,001:38,3:55,000:00,013:40,0.87,0.87,1.74,26.53,10.38,30.03,14.05,
60904,03/08/2026,16:53:08,52.00,2:33,5:57,001:31,3:51,000:00,013:52,0.90,0.88,1.78,26.20,10.71,28.17,14.47,
60904,03/08/2026,17:07:00,44.00,2:01,5:38,000:19,4:03,000:00,012:01,0.89,0.88,1.77,24.89,11.12,24.67,13.68,
60904,03/08/2026,17:19:01,59.00,2:25,5:48,000:18,3:43,000:00,012:14,0.90,0.88,1.78,25.27,10.42,32.55,14.79,
60904,03/08/2026,17:31:15,58.50,2:03,5:43,000:17,7:52,005:21,021:16,0.89,1.04,1.93,27.57,10.95,19.36,9.53,
60904,03/08/2026,18:49:54,57.50,2:12,7:06,000:17,4:31,000:00,014:06,0.89,0.88,1.77,20.62,9.52,24.73,12.63,
60904,03/08/2026,19:04:00,56.00,2:56,6:06,000:16,4:51,000:00,014:09,0.91,0.89,1.80,22.05,10.15,25.77,11.50,
60904,03/08/2026,19:18:09,52.50,2:17,5:44,000:17,4:56,000:00,013:14,0.92,0.88,1.80,22.65,10.77,22.54,11.86,
60904,03/08/2026,19:31:23,57.50,2:25,7:19,001:29,4:46,000:00,015:59,0.90,0.90,1.80,21.12,8.94,26.59,12.80,
60904,03/08/2026,19:47:22,49.50,2:06,8:07,000:16,11:26,000:54,022:49,1.38,2.40,3.78,20.18,12.38,27.84,13.60,
60904,04/08/2026,07:54:20,51.00,2:34,7:28,000:20,4:46,000:00,015:08,1.06,1.01,2.07,22.37,11.31,27.79,13.69,
60904,04/08/2026,08:09:28,47.00,2:47,6:27,001:27,5:02,000:01,015:44,1.02,1.03,2.05,28.78,11.82,26.42,13.57,
60904,04/08/2026,08:25:12,49.00,2:11,5:53,000:47,6:14,001:12,016:17,1.02,1.01,2.03,26.48,12.48,22.87,12.58,
60904,04/08/2026,08:41:29,58.00,2:57,5:09,000:35,4:24,000:17,013:22,1.02,0.97,1.99,26.80,13.71,27.46,14.85,
60904,04/08/2026,08:54:51,44.00,5:53,5:38,000:27,5:32,003:14,020:44,1.00,0.98,1.98,24.18,11.43,32.61,11.35,
60904,04/08/2026,09:15:35,54.00,2:21,5:29,000:21,4:41,000:00,012:52,0.99,0.98,1.97,27.24,13.50,28.01,13.38,
60904,04/08/2026,09:28:27,58.00,2:04,5:37,000:21,2:31,000:00,010:33,1.03,0.29,1.32,25.16,13.42,14.00,8.15,
60904,04/08/2026,09:39:00,50.00,1:00,7:11,000:20,6:18,000:00,014:49,1.62,1.61,3.23,26.15,14.88,27.41,16.66,
60904,04/08/2026,11:07:31,59.50,2:09,6:05,000:15,6:41,002:00,017:10,1.56,1.56,3.12,26.59,16.06,26.97,16.10,
60904,04/08/2026,11:24:41,50.00,2:05,5:51,000:16,5:29,000:00,013:41,1.56,1.57,3.13,25.22,16.83,27.24,17.77,
60904,04/08/2026,11:38:22,57.50,2:08,6:01,000:15,5:39,000:00,014:03,1.58,1.57,3.15,24.95,16.38,25.88,17.23,
60904,04/08/2026,11:52:25,51.50,1:33,5:41,000:14,4:48,000:02,012:18,1.59,1.57,3.16,27.57,18.28,32.66,20.50,
60904,04/08/2026,12:04:43,46.50,2:01,6:24,000:15,5:15,000:00,013:55,1.63,1.38,3.01,28.94,17.27,30.25,17.61,
60904,05/08/2026,07:23:04,50.50,1:32,5:29,000:14,7:50,000:00,015:05,1.82,1.82,3.64,35.94,20.68,37.59,21.65,
60904,05/08/2026,07:38:09,43.00,1:20,4:54,000:13,5:19,000:51,012:37,1.80,1.81,3.61,35.83,22.60,34.68,21.42,
60904,05/08/2026,07:50:46,50.50,1:19,4:44,000:14,4:58,000:00,011:15,1.79,1.81,3.60,39.28,24.57,36.27,23.08,
60904,05/08/2026,08:02:01,58.00,1:42,4:46,000:18,4:39,000:00,011:25,1.80,1.82,3.62,40.43,23.75,38.95,24.56,
60904,05/08/2026,08:13:26,48.50,1:34,5:20,000:17,5:42,000:01,012:54,1.82,1.83,3.65,41.31,21.82,33.86,20.02,
60904,05/08/2026,08:26:20,51.50,1:20,4:39,000:18,5:03,000:02,011:22,1.82,1.84,3.66,36.43,24.26,37.31,22.64,
60904,05/08/2026,08:37:42,57.00,1:23,5:15,000:16,4:39,000:00,011:33,1.82,1.83,3.65,36.60,21.44,36.27,24.53,
60904,05/08/2026,08:49:15,55.00,1:28,5:07,000:18,4:53,000:00,011:46,1.80,1.84,3.64,34.08,22.32,35.34,23.34,
60904,05/08/2026,09:01:01,50.50,1:27,5:17,000:21,4:44,000:01,011:50,1.82,1.85,3.67,36.05,22.60,37.26,24.65,
60904,05/08/2026,09:12:51,55.00,1:30,6:32,000:16,5:12,000:00,013:30,1.83,1.83,3.66,35.01,19.18,35.29,21.97,
60904,05/08/2026,09:26:21,54.00,1:27,6:02,000:48,13:06,001:16,022:39,1.83,2.62,4.45,26.70,19.00,27.96,14.74,
60904,05/08/2026,10:49:40,54.00,1:25,5:39,000:14,4:58,001:23,013:39,1.79,1.83,3.62,36.33,21.46,35.01,23.41,
60904,05/08/2026,11:03:19,59.50,1:34,5:07,000:17,5:04,002:26,014:28,1.85,1.82,3.67,36.71,22.48,35.78,22.63,
60904,05/08/2026,11:17:47,50.50,2:06,5:10,000:15,4:49,000:01,012:21,1.83,1.83,3.66,37.37,23.55,36.82,23.77,
60904,05/08/2026,11:30:08,58.50,1:19,6:32,001:18,5:05,000:01,014:15,1.83,1.84,3.67,31.79,19.41,37.15,22.93,
60904,05/08/2026,11:44:23,48.00,1:11,5:45,001:10,5:46,000:01,013:53,1.85,1.87,3.72,27.96,20.02,35.34,20.30,
60904,05/08/2026,11:58:16,55.50,1:17,6:08,001:16,1:06,001:59,071:46,1.87,15.78,17.65,29.87,19.02,39.56,17.83,
60904,05/08/2026,15:09:41,41.50,1:44,5:11,000:18,4:39,000:00,011:52,1.51,1.52,3.03,28.56,18.45,33.64,20.75,
60904,05/08/2026,15:21:33,52.50,1:51,5:45,000:19,5:11,001:16,014:22,1.52,1.50,3.02,30.03,16.72,33.32,18.32,
60904,05/08/2026,15:35:55,56.50,1:29,5:09,000:17,4:24,000:00,011:19,1.50,1.50,3.00,28.61,19.18,35.45,21.31,
60904,05/08/2026,15:47:14,52.00,1:34,5:17,000:24,4:46,000:01,012:02,1.51,1.52,3.03,27.46,18.34,33.86,20.14,
60904,05/08/2026,15:59:16,59.50,1:31,5:19,000:17,4:21,000:00,011:28,1.55,1.55,3.10,27.96,18.48,35.18,22.28,
60904,05/08/2026,16:10:44,57.00,1:38,5:07,000:14,5:20,000:00,012:19,1.54,1.53,3.07,31.40,18.86,36.27,20.17,
60904,05/08/2026,16:23:03,57.00,1:50,5:38,000:19,5:39,000:01,013:27,1.50,1.50,3.00,29.43,17.43,32.00,18.36,
60904,05/08/2026,16:36:30,59.50,1:22,5:26,000:16,4:41,000:00,011:45,1.54,1.56,3.10,30.58,18.32,35.51,20.75,
60904,05/08/2026,16:48:15,56.00,1:41,4:53,000:14,4:10,000:00,010:58,1.55,1.54,3.09,29.98,20.05,38.08,23.26,
60904,05/08/2026,16:59:13,52.00,1:49,4:52,000:14,5:50,000:07,012:52,1.54,1.52,3.06,32.88,19.79,37.09,21.53,
60904,05/08/2026,17:12:05,55.00,1:25,5:07,000:14,5:42,003:50,016:18,1.57,1.55,3.12,29.21,19.11,32.77,18.38,
60904,05/08/2026,17:28:23,51.00,1:34,5:37,000:17,10:39,001:26,019:33,1.58,1.45,3.03,31.29,17.68,23.58,11.46,
60904,05/08/2026,18:46:08,42.00,1:44,5:34,000:16,5:07,000:01,012:42,1.57,1.56,3.13,29.87,17.65,33.59,18.84,
60904,05/08/2026,18:58:50,57.50,1:51,5:58,000:14,5:59,000:01,014:03,1.58,1.55,3.13,27.14,16.50,25.27,16.13,
60904,05/08/2026,19:12:53,59.50,1:55,6:01,000:18,6:11,000:01,014:26,1.58,1.53,3.11,27.52,17.02,26.04,15.48,
60904,05/08/2026,19:27:19,59.00,1:43,5:51,000:15,5:35,000:01,013:25,1.57,1.55,3.12,26.75,17.14,35.62,17.17,
60904,05/08/2026,19:40:44,49.00,2:20,5:27,000:17,4:45,000:00,012:49,1.57,1.55,3.12,32.06,18.29,39.83,22.01,
60904,05/08/2026,19:53:33,52.50,2:30,4:39,001:09,6:18,000:16,014:52,1.56,1.34,2.90,36.43,21.29,33.26,14.04,
60904,05/08/2026,23:55:37,55.50,1:36,5:43,000:16,4:12,000:00,011:47,1.60,1.57,3.17,29.27,17.78,36.27,23.32,
60904,06/08/2026,00:07:24,48.50,2:22,5:07,000:14,4:01,000:00,011:44,1.59,1.58,3.17,34.58,19.42,44.70,25.74,
60904,06/08/2026,00:19:08,57.00,1:50,4:59,000:15,4:32,001:18,012:54,1.62,1.59,3.21,33.54,20.70,40.65,22.35,
60904,06/08/2026,00:32:02,58.00,1:43,5:18,000:15,4:35,000:00,011:51,1.56,1.52,3.08,33.98,18.91,37.42,21.01,
60904,06/08/2026,00:43:53,41.50,1:33,5:30,000:13,4:01,000:00,011:17,1.60,1.57,3.17,32.99,19.32,42.45,26.10,
60904,06/08/2026,00:55:10,54.00,1:33,4:40,000:14,4:36,000:39,011:42,1.57,1.54,3.11,37.80,21.48,43.61,21.66,
60904,06/08/2026,01:06:52,57.00,1:35,5:28,000:29,5:02,001:09,013:43,1.58,1.55,3.13,35.18,19.90,35.34,19.95,
60904,06/08/2026,01:20:35,34.00,1:22,4:37,001:20,23:35,000:49,055:43,1.05,14.61,15.66,30.20,14.75,40.76,19.06,
60904,06/08/2026,10:01:29,47.00,1:23,5:44,000:15,5:02,000:00,012:24,1.75,1.73,3.48,29.76,18.89,31.13,21.34,
60904,06/08/2026,10:13:53,55.50,1:20,5:21,000:16,7:24,000:00,014:21,1.76,1.73,3.49,31.84,20.40,33.98,20.59,
60904,06/08/2026,10:28:14,49.00,1:22,6:55,000:30,5:47,000:00,014:34,1.81,1.73,3.54,33.86,18.58,34.47,20.63,
60904,06/08/2026,10:42:48,48.00,1:01,6:08,000:15,4:37,000:02,012:03,1.75,1.51,3.26,30.53,17.56,30.31,20.23,
60904,06/08/2026,10:54:51,53.50,1:56,4:47,000:16,6:08,000:01,013:08,1.52,1.73,3.25,29.27,19.82,34.30,18.34,
60904,06/08/2026,11:07:59,55.50,1:21,5:52,000:16,6:01,000:02,013:32,1.77,1.73,3.50,29.87,18.59,27.63,18.11,
60904,06/08/2026,11:21:31,46.50,1:24,5:25,000:16,5:46,000:00,012:51,1.77,1.75,3.52,32.44,20.23,28.39,19.38,
60904,06/08/2026,11:34:22,59.50,1:38,5:36,000:16,5:27,000:00,012:57,1.76,1.72,3.48,28.39,19.69,32.44,19.89,
60904,06/08/2026,11:47:19,53.50,1:55,4:58,001:14,9:13,010:01,075:21,1.24,14.56,15.80,33.64,15.58,32.50,16.31,
60904,06/08/2026,15:56:21,44.50,1:43,6:24,000:14,5:43,000:01,014:05,1.68,1.63,3.31,26.10,16.74,31.79,18.38,
60904,06/08/2026,16:10:26,46.00,1:49,5:50,000:15,5:38,000:00,013:32,1.65,1.63,3.28,25.11,17.66,32.50,18.12,
60904,06/08/2026,16:23:58,47.00,1:44,5:40,000:16,5:50,000:00,013:30,1.63,1.61,3.24,27.84,18.28,35.07,20.70,
60904,06/08/2026,16:37:28,45.50,1:51,5:26,000:18,5:25,000:00,013:00,1.68,1.65,3.33,27.46,19.33,35.01,19.85,
60904,06/08/2026,16:50:28,46.50,1:41,5:34,000:15,5:39,000:00,013:09,1.67,1.63,3.30,26.92,18.92,35.18,18.92,
60904,06/08/2026,17:03:37,49.50,1:48,5:23,000:15,5:47,000:00,013:13,1.67,1.65,3.32,28.67,19.36,40.38,21.86,
60904,06/08/2026,17:16:50,58.00,2:07,5:30,000:15,4:31,000:01,012:24,1.68,1.66,3.34,33.48,18.97,36.49,22.73,
60904,06/08/2026,17:29:14,44.00,2:00,4:50,000:15,9:14,004:17,020:36,1.69,1.39,3.08,34.25,21.71,27.57,10.40,
60904,06/08/2026,18:44:42,53.50,1:45,6:38,000:16,5:37,000:01,014:17,1.67,1.64,3.31,25.55,16.69,28.34,18.07,
60904,06/08/2026,18:58:59,46.50,1:21,5:38,000:18,5:27,001:46,014:30,1.66,1.64,3.30,28.78,18.50,33.04,19.10,
60904,06/08/2026,19:13:29,57.00,1:13,5:41,000:15,9:35,003:11,019:55,1.68,1.31,2.99,28.99,18.24,30.25,11.85,
60904,07/08/2026,08:55:02,57.00,1:54,6:19,000:15,5:57,000:00,014:25,1.70,1.66,3.36,27.46,16.82,32.77,17.91,
60904,07/08/2026,09:09:27,63.00,2:18,5:48,000:19,6:00,002:03,016:28,1.69,1.64,3.33,27.08,18.41,32.33,18.56,
60904,07/08/2026,09:25:55,57.00,2:23,6:13,000:18,9:09,000:05,018:08,1.69,1.80,3.49,27.30,17.03,28.39,12.62,
60904,07/08/2026,10:48:32,55.50,2:12,6:11,000:15,5:35,000:01,014:14,1.66,1.62,3.28,26.31,16.87,29.60,18.02,
60904,07/08/2026,11:02:46,61.00,2:41,5:18,000:30,4:46,002:06,015:21,0.76,0.74,1.50,25.88,12.01,27.46,12.49,
60904,07/08/2026,11:18:07,51.50,2:08,6:33,000:15,10:41,004:34,12:11,1.70,19.12,20.82,27.41,16.39,41.63,14.30,
60904,09/08/2026,15:36:42,48.50,2:07,3:04,000:42,2:13,000:00,008:06,0.52,0.55,1.07,25.71,13.25,28.17,16.11,
60904,09/08/2026,15:44:48,50.50,1:43,2:42,000:14,3:05,000:21,008:05,0.53,0.54,1.07,20.51,13.92,26.92,14.55,
60904,09/08/2026,15:52:53,50.50,1:12,2:38,000:16,2:08,000:00,006:14,0.53,0.53,1.06,27.08,14.36,31.95,16.44,
60904,09/08/2026,15:59:07,43.00,1:52,1:59,000:15,2:15,000:00,006:21,0.48,0.51,0.99,26.15,16.79,28.34,14.57,
60904,09/08/2026,16:05:28,50.50,1:26,1:55,000:16,2:54,001:24,007:55,0.48,0.51,0.99,24.23,15.96,24.78,11.68,
60904,09/08/2026,16:13:23,53.00,1:48,2:43,000:33,2:40,002:05,009:49,0.48,0.51,0.99,23.85,12.44,25.88,12.98,
60904,09/08/2026,16:23:12,51.00,1:49,2:02,000:17,2:17,001:15,007:40,0.50,0.55,1.05,26.97,16.68,27.46,16.01,
60904,09/08/2026,16:30:52,52.50,1:49,2:45,000:17,2:30,000:00,007:21,0.49,0.54,1.03,28.50,14.80,28.23,16.03,
60904,09/08/2026,16:38:13,49.00,2:11,2:03,000:15,2:58,003:24,010:51,0.50,0.55,1.05,26.31,16.04,28.67,14.46,
60904,09/08/2026,16:49:04,44.50,1:40,2:28,000:17,3:29,003:53,011:47,0.50,0.62,1.12,23.52,14.13,19.91,11.99,
60904,09/08/2026,17:00:51,45.50,3:26,2:04,000:15,5:18,007:53,018:56,0.50,0.69,1.19,28.34,16.05,26.20,10.07,
60904,09/08/2026,17:19:47,57.00,1:26,2:12,001:16,3:41,006:23,014:58,0.49,0.58,1.07,24.29,16.41,26.86,11.26,
60904,09/08/2026,17:34:45,53.50,2:02,2:13,000:21,7:30,012:11,024:17,0.49,1.00,1.49,25.16,15.51,28.94,9.53,
60904,09/08/2026,19:27:28,42.00,1:31,2:35,000:16,3:57,004:02,012:21,0.41,0.47,0.88,18.27,10.13,23.96,9.76,
60904,09/08/2026,19:39:49,42.00,2:14,3:41,000:15,4:34,002:15,012:59,0.43,0.53,0.96,14.11,7.65,19.04,8.04,
60904,09/08/2026,19:52:48,51.50,1:43,2:23,000:17,3:34,002:34,010:31,0.43,0.49,0.92,18.60,11.69,17.34,9.23,
60904,09/08/2026,20:03:19,47.00,1:10,3:16,000:14,5:34,000:15,010:29,0.39,0.82,1.21,15.42,8.77,29.81,10.85,
60904,09/08/2026,23:26:30,42.50,1:37,4:41,000:18,6:23,002:08,015:07,0.88,0.86,1.74,19.26,12.22,20.30,10.67,
60904,09/08/2026,23:41:37,48.50,0:57,3:54,000:20,4:09,000:01,009:21,0.26,0.28,0.54,15.75,8.53,21.39,9.74,
60904,09/08/2026,23:50:58,59.00,1:56,3:59,000:14,6:38,002:16,015:03,0.55,0.55,1.10,18.87,10.98,22.92,9.77,
60904,10/08/2026,00:06:01,57.50,2:06,3:56,000:16,7:13,002:50,016:21,0.89,0.86,1.75,24.07,14.47,23.36,12.81,
60904,10/08/2026,00:22:22,41.50,1:49,3:59,000:16,7:46,000:04,013:54,0.89,0.85,1.74,24.89,14.98,22.48,12.26,
60904,10/08/2026,00:36:16,44.50,4:06,3:55,000:15,4:44,000:00,013:00,0.57,0.62,1.19,17.50,11.02,21.66,14.19,
60904,10/08/2026,00:49:16,57.00,1:59,3:11,000:19,2:34,000:01,008:04,0.59,0.60,1.19,23.52,11.86,22.26,14.58,
60904,10/08/2026,00:57:20,56.00,2:08,2:45,000:15,3:58,002:03,011:09,0.58,0.61,1.19,21.94,13.75,23.31,14.06,
60904,10/08/2026,01:08:29,43.50,2:51,3:36,000:15,4:16,000:00,010:58,0.59,0.61,1.20,24.07,13.01,23.63,13.11,
60904,10/08/2026,01:19:27,57.00,2:13,3:13,000:15,2:55,000:02,008:38,0.54,0.62,1.16,21.33,11.52,22.15,13.64,
60904,10/08/2026,01:28:05,53.00,2:11,3:19,000:15,3:10,001:33,010:28,0.55,0.44,0.99,18.93,11.24,18.60,10.52,
60904,10/08/2026,01:38:33,43.50,1:41,2:39,000:16,2:39,000:06,007:21,0.49,0.47,0.96,22.43,13.23,21.94,11.73,
60904,10/08/2026,01:45:54,48.50,1:33,2:57,000:15,2:39,000:07,007:31,0.49,0.46,0.95,20.18,11.95,17.39,11.26,
60904,10/08/2026,01:53:25,43.00,1:52,2:51,000:16,3:37,000:01,008:37,0.49,0.47,0.96,21.99,11.57,16.57,9.81,
60904,10/08/2026,02:02:02,41.50,1:24,2:25,000:16,2:27,001:45,008:17,0.47,0.46,0.93,20.57,12.79,19.14,12.54,
60904,10/08/2026,02:10:19,43.50,2:02,3:05,000:26,2:20,000:09,008:02,0.49,0.46,0.95,18.27,11.71,17.94,13.25,
60904,10/08/2026,02:18:21,42.00,1:43,3:45,000:20,2:38,000:07,008:33,0.47,0.48,0.95,14.38,9.01,24.07,11.64,
60904,10/08/2026,02:26:54,51.50,1:00,7:03,000:15,6:02,000:00,014:20,1.67,1.62,3.29,26.42,15.73,31.29,18.25,
60904,10/08/2026,08:13:21,51.50,2:11,6:20,000:18,5:40,001:33,016:02,1.64,1.61,3.25,27.79,17.03,33.70,17.84,
60904,10/08/2026,08:29:23,62.00,1:54,7:08,000:32,5:30,000:00,015:04,1.67,1.63,3.30,26.10,15.37,33.86,18.79,
60904,10/08/2026,08:44:27,49.50,2:12,6:54,000:17,6:54,001:06,017:23,1.66,1.62,3.28,26.75,15.43,31.18,15.65,
60904,10/08/2026,09:01:50,55.00,2:25,7:11,001:23,5:32,000:00,016:31,1.67,1.63,3.30,24.95,14.71,34.63,18.85,
60904,10/08/2026,09:18:21,59.50,2:44,9:07,000:34,17:48,010:35,040:48,1.70,2.49,4.19,25.22,11.93,23.96,9.48,
60904,10/08/2026,10:50:45,55.50,1:54,7:08,000:16,6:49,001:07,017:14,1.67,1.69,3.36,26.20,14.46,26.92,15.62,
60904,10/08/2026,11:07:59,60.50,2:03,7:00,000:46,5:57,001:20,017:06,1.60,1.54,3.14,26.92,14.40,31.29,18.36,
60904,10/08/2026,11:25:05,48.00,2:29,6:05,000:15,4:31,000:00,013:20,1.67,1.66,3.33,30.15,17.07,40.98,22.98,
60904,10/08/2026,11:38:25,59.50,2:04,6:07,000:17,6:38,000:00,015:06,1.68,1.68,3.36,26.26,17.05,28.06,16.79,
60904,10/08/2026,11:53:31,52.00,3:09,6:16,054:26,6:02,006:46,16:39,1.68,16.14,17.82,28.06,16.61,39.94,16.35,
60904,10/08/2026,23:18:50,59.00,1:47,7:42,000:32,6:55,000:02,016:58,1.73,1.71,3.44,25.88,15.24,30.31,15.56,
60904,10/08/2026,23:35:48,52.00,2:28,16:05,002:36,4:41,002:16,028:06,2.69,0.89,3.58,23.74,11.70,28.23,12.44,
60904,11/08/2026,00:03:54,56.00,2:50,7:51,000:47,8:07,000:20,019:55,1.73,1.69,3.42,29.81,14.87,32.11,14.38,
60904,11/08/2026,00:23:49,45.00,2:43,7:22,001:22,8:43,000:01,020:11,1.73,1.75,3.48,24.56,14.65,23.58,12.99,
60904,11/08/2026,00:44:00,39.50,1:35,8:21,000:39,11:17,007:40,029:32,1.75,1.70,3.45,25.00,13.06,26.20,10.44,
60904,11/08/2026,01:13:32,54.00,1:10,23:21,000:31,20:24,010:57,080:23,5.49,10.24,15.73,35.67,14.35,39.50,14.87,
60904,11/08/2026,11:45:14,54.00,1:12,8:42,000:17,15:55,011:02,037:08,1.60,2.12,3.72,19.14,11.60,21.94,8.73,
60904,11/08/2026,15:23:49,56.00,1:24,13:40,000:55,14:09,004:24,034:32,1.74,1.66,3.40,16.57,8.21,14.16,7.61,
60904,11/08/2026,15:58:21,44.00,1:33,11:53,000:39,12:27,003:19,029:51,1.70,1.69,3.39,15.15,8.95,13.73,8.76,
60904,11/08/2026,16:28:12,48.00,1:12,12:09,000:28,15:06,000:33,029:28,1.68,1.70,3.38,15.97,9.39,13.78,6.95,
60904,11/08/2026,16:57:40,48.00,1:16,14:03,000:30,13:07,000:00,028:56,1.71,1.69,3.40,13.56,7.75,14.11,7.92,
60904,11/08/2026,17:26:36,57.00,1:34,11:24,000:14,16:05,006:51,036:08,1.73,2.08,3.81,15.81,9.67,22.43,9.14,
60904,11/08/2026,18:58:59,49.00,1:04,11:18,002:33,10:55,003:34,029:24,1.74,1.69,3.43,17.39,10.22,18.71,9.83,
60904,11/08/2026,19:28:23,57.50,1:34,12:22,000:45,13:42,001:17,029:40,1.75,1.69,3.44,16.95,9.23,15.15,7.83,
60904,11/08/2026,19:58:03,51.50,1:41,16:31,000:22,11:17,000:17,030:08,1.82,1.70,3.52,17.01,7.94,16.30,9.38,
60904,11/08/2026,20:28:11,48.00,1:18,13:10,001:50,15:46,005:17,037:21,1.72,2.35,4.07,16.90,8.74,26.64,10.65,
60904,11/08/2026,23:25:42,57.50,2:03,10:40,001:04,8:48,002:13,024:48,1.82,1.68,3.50,24.56,12.34,21.17,12.19,
60904,11/08/2026,23:50:30,57.50,1:59,10:23,008:59,9:08,000:13,030:42,1.72,1.68,3.40,21.28,11.17,19.69,11.93,
60904,12/08/2026,00:21:12,55.50,2:07,10:46,000:23,8:48,002:44,024:48,1.77,1.39,3.16,19.04,10.51,16.85,9.94,
60904,12/08/2026,00:46:00,58.00,1:54,8:58,000:22,8:05,000:00,019:19,1.71,1.66,3.37,19.86,12.04,23.69,13.03,
60904,12/08/2026,01:05:19,56.50,1:57,8:52,000:18,9:01,002:05,022:13,1.71,1.66,3.37,21.50,12.16,27.14,12.37,
60904,12/08/2026,01:27:32,54.50,1:31,10:17,005:03,8:13,002:30,027:34,1.72,1.66,3.38,22.70,11.02,31.35,13.19,
60904,12/08/2026,01:55:06,56.00,1:33,10:07,000:34,9:28,001:03,022:45,1.76,1.71,3.47,23.25,11.23,25.05,12.24,
60904,12/08/2026,02:17:51,57.50,1:44,10:16,000:31,6:21,000:34,079:26,1.73,15.85,17.58,21.61,10.86,34.96,14.82,
60904,12/08/2026,07:16:25,55.50,1:19,6:56,000:15,6:23,001:06,015:59,1.69,1.66,3.35,27.96,15.25,30.91,17.29,
60904,12/08/2026,07:32:24,52.00,1:33,6:22,000:14,6:20,000:00,014:29,1.72,1.67,3.39,26.37,16.67,32.72,16.92,
60904,12/08/2026,07:46:53,53.50,1:51,8:15,000:28,6:13,000:00,016:47,1.83,1.75,3.58,28.45,15.60,35.51,18.02,
60904,12/08/2026,08:03:40,57.50,1:26,6:30,000:17,6:02,002:16,016:31,1.76,1.44,3.20,29.21,16.93,28.17,15.91,
60904,12/08/2026,08:20:11,59.50,1:13,7:06,000:16,5:53,000:00,014:28,1.78,1.44,3.22,27.24,16.36,27.02,15.58,
60904,12/08/2026,08:34:39,42.00,1:17,7:54,000:18,6:12,000:00,015:41,1.77,1.43,3.20,25.11,14.82,27.24,14.37,
60904,12/08/2026,08:50:20,58.50,1:41,6:27,000:16,6:05,000:00,014:29,1.81,1.77,3.58,27.96,17.47,41.52,18.03,
60904,12/08/2026,09:04:49,52.00,1:36,6:21,000:15,6:00,000:00,014:12,1.78,1.76,3.54,29.65,17.45,39.61,18.28,
60904,12/08/2026,09:19:01,56.50,1:52,7:25,000:40,12:02,002:54,024:53,1.79,2.11,3.90,25.55,15.58,26.26,11.60,
60904,12/08/2026,10:37:24,42.00,1:01,5:24,000:14,5:58,000:01,012:38,1.56,1.52,3.08,29.60,18.38,29.87,16.68,
60904,12/08/2026,10:50:02,51.00,1:46,7:08,000:14,5:48,000:00,014:56,1.57,1.52,3.09,28.50,15.28,28.67,16.33,
60904,12/08/2026,11:04:58,58.50,1:34,5:45,000:16,5:45,000:00,013:20,1.66,1.64,3.30,27.90,18.54,38.30,18.51,
60904,12/08/2026,11:18:18,48.50,0:52,6:33,000:14,5:20,000:00,012:59,1.75,1.43,3.18,27.90,16.94,28.17,16.83,
60904,12/08/2026,11:31:17,48.00,1:26,5:53,000:16,5:44,000:00,013:19,1.63,1.39,3.02,29.43,17.34,28.23,15.92,
60904,12/08/2026,11:44:36,49.50,1:09,8:34,000:18,7:54,000:00,017:55,1.60,1.48,3.08,23.85,13.02,26.15,12.21,
60904,12/08/2026,12:02:31,53.00,0:59,5:26,000:16,7:41,001:54,016:16,1.66,1.52,3.18,31.35,19.02,30.97,13.02,
60904,12/08/2026,19:57:46,55.00,1:26,5:27,000:21,6:45,000:01,014:00,1.45,1.43,2.88,26.26,16.57,26.92,14.60,
60904,12/08/2026,20:11:46,52.00,1:34,7:26,000:26,12:43,012:33,034:42,1.44,1.88,3.32,19.14,12.00,22.21,10.34,
60904,12/08/2026,23:32:31,55.50,1:40,8:40,000:25,7:49,000:00,018:34,1.61,1.57,3.18,21.17,11.79,24.34,12.59,
60904,12/08/2026,23:51:05,52.50,2:21,8:31,000:28,7:47,001:00,020:07,1.60,1.58,3.18,21.39,12.17,27.57,13.05,
60904,13/08/2026,00:11:12,52.00,2:00,9:41,005:09,8:12,000:33,025:35,1.57,1.54,3.11,21.88,10.89,22.59,12.52,
60904,13/08/2026,00:36:47,59.00,1:56,8:58,000:18,8:34,001:37,021:23,1.58,1.53,3.11,22.59,11.39,20.73,12.03,
60904,13/08/2026,00:58:10,54.00,1:48,9:23,000:18,7:46,000:00,019:15,1.32,1.27,2.59,21.00,9.60,17.34,10.24,
60904,13/08/2026,01:17:25,60.00,2:15,11:09,002:12,7:25,006:42,029:43,1.39,1.21,2.60,17.34,9.43,22.97,10.42,
60904,13/08/2026,01:47:08,51.50,5:23,7:52,001:55,8:05,000:00,023:15,1.30,1.26,2.56,17.07,10.69,17.29,9.93,
60904,13/08/2026,02:10:23,52.00,1:36,9:02,001:21,6:50,000:10,018:59,1.29,1.58,2.87,15.81,9.11,31.35,14.92,
60904,13/08/2026,02:29:22,57.50,1:28,6:05,000:17,0:54,023:06,091:50,1.29,14.93,16.22,27.52,13.37,33.81,16.50,
60904,13/08/2026,08:10:40,50.00,1:53,7:03,000:17,6:10,001:49,017:12,1.59,1.25,2.84,24.18,14.25,24.07,13.50,
60904,13/08/2026,08:27:52,58.00,2:25,6:54,000:15,6:28,003:32,019:34,1.59,1.23,2.82,27.24,14.17,22.97,13.29,
60904,13/08/2026,08:47:26,49.50,1:39,6:51,002:27,4:59,000:00,015:56,1.58,1.27,2.85,26.80,15.09,30.58,16.81,
60904,13/08/2026,09:03:22,27.00,1:12,13:16,002:53,7:24,000:00,024:45,2.00,1.44,3.44,25.11,11.31,24.18,12.24,
60904,13/08/2026,09:28:07,53.50,1:18,6:27,000:18,10:01,000:00,018:04,1.82,1.45,3.27,28.34,17.46,34.25,12.43,
60904,13/08/2026,09:46:11,58.50,1:17,7:12,000:41,6:29,000:00,015:39,1.80,1.36,3.16,25.93,15.62,33.92,15.88,
60904,13/08/2026,10:01:50,55.50,1:56,7:21,001:12,20:10,010:15,4:54,1.71,17.79,19.50,26.20,14.56,34.58,14.35,
60904,17/08/2026,02:03:48,56.00,2:40,8:43,000:16,9:22,000:00,021:01,1.40,1.43,2.83,22.43,10.76,20.84,9.44,
60904,17/08/2026,02:24:49,41.00,2:25,8:17,000:18,5:12,000:00,016:12,1.39,1.40,2.79,19.09,10.98,34.25,17.05,
60904,17/08/2026,02:41:01,41.50,2:12,5:48,000:12,11:38,001:52,021:42,1.39,1.78,3.17,26.53,15.02,36.65,13.28,
60904,17/08/2026,09:36:19,59.50,0:50,6:18,000:18,10:42,009:31,027:39,1.53,1.93,3.46,29.16,15.73,38.62,11.98,
60904,17/08/2026,11:05:26,53.00,4:04,7:24,000:21,6:09,002:57,020:55,1.63,1.59,3.22,23.91,13.91,33.04,16.98,
60904,17/08/2026,11:26:21,49.50,2:08,7:10,000:21,5:43,001:14,016:36,1.64,1.58,3.22,27.63,15.01,36.87,17.71,
60904,17/08/2026,11:42:57,56.00,2:39,8:41,001:59,7:50,001:03,022:12,1.75,1.54,3.29,28.17,14.17,23.58,12.15,
60904,17/08/2026,12:05:09,44.50,1:04,5:36,000:23,21:00,005:53,033:56,1.62,2.55,4.17,29.93,18.03,50.50,10.68,
60904,21/08/2026,23:53:48,48.00,2:32,11:32,001:19,2:54,023:57,066:14,1.48,2.35,3.83,20.79,9.55,32.66,10.98,
60904,22/08/2026,15:42:23,54.50,1:25,7:25,000:17,6:49,000:04,016:00,1.79,1.70,3.49,26.75,14.86,27.41,16.31,
60904,22/08/2026,15:58:23,57.00,1:32,6:59,000:15,8:14,000:08,017:08,1.63,1.56,3.19,26.31,14.57,24.73,13.91,
60904,22/08/2026,16:15:31,56.50,1:30,8:47,000:25,6:35,000:00,017:17,1.78,1.72,3.50,25.44,12.64,27.68,16.00,
60904,22/08/2026,16:32:48,44.00,1:31,7:59,000:18,6:54,000:02,016:44,1.79,1.72,3.51,25.82,13.83,25.00,15.34,
60904,22/08/2026,16:49:32,44.50,2:15,8:02,000:16,8:50,000:56,020:19,1.77,1.74,3.51,26.70,14.47,25.22,13.25,
60904,22/08/2026,17:09:51,59.50,1:39,7:27,000:34,6:52,000:12,016:44,1.75,1.71,3.46,25.93,14.56,28.34,15.41,
60904,22/08/2026,17:26:35,47.50,1:42,8:40,000:16,11:18,002:15,024:11,1.73,2.07,3.80,25.11,13.76,26.75,11.57,
60904,22/08/2026,19:00:30,53.00,1:44,7:28,000:15,10:08,002:28,022:03,1.79,1.73,3.52,25.00,14.88,23.69,14.22,
60904,22/08/2026,19:22:33,49.50,1:30,8:21,000:15,7:31,000:00,017:37,1.75,1.73,3.48,22.70,14.17,26.26,15.12,
60904,22/08/2026,19:40:10,43.50,1:43,8:03,000:17,6:48,000:00,016:51,1.78,1.73,3.51,23.52,13.80,36.05,16.33,
60904,22/08/2026,19:57:01,47.00,1:47,7:27,000:17,11:07,001:52,022:30,1.77,2.44,4.21,25.60,14.72,34.47,14.20,
60904,23/08/2026,07:37:42,48.00,1:31,7:07,000:16,7:12,000:01,016:07,1.79,1.79,3.58,26.97,15.55,28.83,15.61,
60904,23/08/2026,07:53:49,45.50,1:21,7:09,000:18,8:17,000:08,017:13,1.81,1.78,3.59,26.80,15.63,25.71,14.34,
60904,23/08/2026,08:11:02,55.50,2:09,7:17,000:27,7:52,000:00,017:45,1.81,1.77,3.58,25.44,15.51,25.49,14.46,
60904,23/08/2026,08:28:47,59.00,1:58,7:43,000:20,7:54,000:51,018:46,1.81,1.79,3.60,27.14,14.70,29.93,14.32,
60904,23/08/2026,08:47:33,56.50,1:34,10:25,000:23,6:49,000:00,019:11,1.83,1.70,3.53,18.65,11.73,27.19,15.53,
60904,23/08/2026,09:06:44,47.00,1:50,7:01,000:17,8:09,000:08,017:25,1.74,1.68,3.42,27.19,15.50,24.51,13.32,
60904,23/08/2026,09:24:09,44.00,2:11,10:18,001:07,16:30,002:31,032:37,1.73,2.23,3.96,27.19,11.71,25.77,10.78,
60904,23/08/2026,11:00:44,53.00,1:45,8:02,000:16,7:21,001:22,018:46,1.81,1.79,3.60,27.08,14.42,27.79,15.22,
60904,23/08/2026,11:19:30,53.50,1:30,7:24,000:14,7:49,002:05,019:02,1.81,1.79,3.60,26.42,15.46,31.95,15.18,
60904,23/08/2026,11:38:32,53.50,1:51,7:36,000:23,6:48,001:06,017:44,1.79,1.79,3.58,25.05,14.50,32.00,16.51,
60904,23/08/2026,11:56:16,56.00,1:36,7:01,001:33,22:44,021:39,18:33,1.81,17.22,19.03,25.82,15.82,38.13,12.03,
60904,25/08/2026,15:51:02,53.00,1:41,9:06,000:22,7:15,000:57,019:21,1.81,1.78,3.59,25.98,12.78,27.79,15.27,
60904,25/08/2026,16:10:23,40.50,1:25,7:08,000:13,8:12,002:37,019:35,1.67,1.54,3.21,27.63,15.08,32.06,13.02,
60904,25/08/2026,16:29:58,51.00,1:26,7:48,000:19,8:32,004:15,022:20,1.80,1.77,3.57,25.77,14.58,29.98,13.70,
60904,25/08/2026,16:52:18,49.00,2:03,10:24,000:40,9:19,000:00,022:26,1.79,1.78,3.57,24.78,13.35,19.80,12.34,
60904,25/08/2026,17:14:44,55.50,1:55,8:53,000:20,15:57,008:28,035:33,1.77,2.20,3.97,19.86,12.35,21.12,10.41,
60904,25/08/2026,18:57:00,58.00,1:12,8:30,000:17,8:12,000:01,018:12,1.78,1.75,3.53,25.55,13.09,27.79,14.05,
60904,25/08/2026,19:15:12,52.00,1:37,7:21,000:16,7:48,001:33,018:35,1.75,1.71,3.46,27.02,15.12,24.18,13.76,
60904,25/08/2026,19:33:47,44.50,1:42,7:53,000:15,8:44,000:00,018:34,1.71,1.69,3.40,24.89,14.54,32.50,13.82,
60904,25/08/2026,19:52:21,50.00,2:19,7:32,000:14,12:42,005:36,028:23,1.68,2.13,3.81,27.35,14.65,35.45,11.10,
60904,25/08/2026,23:21:36,50.50,2:53,10:26,029:23,10:27,001:25,054:34,1.64,1.65,3.29,18.82,10.27,16.35,10.13,
60904,26/08/2026,00:16:10,45.00,2:47,11:20,004:03,9:11,000:00,027:21,1.76,1.77,3.53,19.09,9.92,18.27,11.85,
60904,26/08/2026,00:43:31,45.50,3:01,11:03,001:06,10:37,000:20,026:07,1.77,1.75,3.52,18.65,10.19,17.89,10.18,
60904,26/08/2026,01:09:38,59.50,3:23,11:39,000:36,13:29,004:18,033:25,1.76,2.10,3.86,19.64,10.35,28.34,10.00,
60904,26/08/2026,02:56:59,53.00,2:28,9:26,000:18,9:27,000:00,021:39,1.46,1.44,2.90,18.54,9.77,21.33,9.51,
60904,26/08/2026,03:18:38,47.50,2:01,8:56,000:17,8:25,000:33,020:12,1.42,1.46,2.88,17.45,9.87,18.05,11.00,
60904,26/08/2026,03:38:50,35.50,2:14,9:51,000:17,14:07,008:24,094:53,1.42,15.98,17.40,18.38,9.12,31.46,13.03,
60904,26/08/2026,08:08:59,54.50,1:36,6:49,004:03,6:44,000:27,019:39,1.35,1.34,2.69,25.33,12.51,27.02,13.01,
60904,26/08/2026,08:28:38,49.00,1:43,7:23,006:02,6:24,000:00,021:32,1.39,1.33,2.72,24.45,12.39,27.96,13.12,
60904,26/08/2026,08:50:10,54.00,1:30,10:06,014:18,5:40,001:40,033:14,1.44,1.34,2.78,26.80,11.70,31.35,14.94,
60904,26/08/2026,09:23:24,63.50,1:51,7:38,000:23,9:25,000:22,019:39,1.56,1.87,3.43,26.37,13.61,31.73,13.31,
60904,26/08/2026,10:48:25,59.50,1:22,6:21,000:13,6:59,000:00,014:55,1.59,1.54,3.13,27.57,15.76,28.78,15.29,
60904,26/08/2026,11:03:20,46.00,1:26,6:55,000:12,6:31,000:00,015:04,1.59,1.55,3.14,26.92,14.57,31.13,14.90,
60904,26/08/2026,11:18:24,38.50,1:51,7:45,000:13,7:25,000:00,017:14,1.58,1.27,2.85,24.56,13.15,21.72,12.30,
60904,26/08/2026,11:35:38,51.00,1:34,8:51,004:08,6:44,001:35,022:52,1.58,1.55,3.13,24.84,12.21,41.09,14.96,
60904,26/08/2026,11:58:30,50.50,1:30,4:51,000:13,10:42,000:27,017:43,1.24,1.63,2.87,28.39,15.83,22.76,10.19,
60904,26/08/2026,16:11:09,56.50,1:53,6:17,000:39,8:19,030:06,047:14,1.62,1.63,3.25,28.99,16.40,40.21,16.30,
60904,26/08/2026,16:58:23,48.00,1:30,6:22,000:36,5:52,000:00,014:20,1.67,1.39,3.06,29.21,16.41,35.18,16.42,
60904,26/08/2026,17:12:43,56.00,1:20,7:00,001:42,5:36,000:00,015:38,1.41,1.41,2.82,27.84,14.05,36.27,15.48,
60904,26/08/2026,17:28:21,59.50,1:26,6:26,000:25,10:03,005:15,023:35,1.40,1.37,2.77,28.67,14.50,35.94,11.55,
60904,26/08/2026,18:55:57,53.50,2:21,7:18,000:47,6:09,000:00,016:35,1.32,1.36,2.68,25.77,11.66,30.31,14.01,
60904,26/08/2026,19:12:32,47.50,3:49,8:47,005:46,5:45,000:00,024:07,1.39,1.15,2.54,23.25,11.61,29.21,14.62,
60904,26/08/2026,19:36:39,51.00,2:35,8:00,5:21,9:20,004:52,10:05,1.32,16.60,17.92,28.01,11.88,43.27,19.32,
60904,27/08/2026,23:25:27,55.50,1:15,8:09,000:16,0:03,000:00,009:43,1.72,0.00,1.72,25.60,14.08,0.00,0.00,
60904,27/08/2026,23:35:10,50.50,0:17,0:06,041:02,10:52,011:47,16:04,0.00,12.77,12.77,3.71,3.12,44.04,7.27,
60905,23/08/2026,15:38:13,50.00,1:36,8:53,000:28,8:28,004:15,023:40,1.83,1.77,3.60,25.27,13.55,37.04,13.54,
60905,23/08/2026,16:01:53,50.00,1:42,8:08,000:24,7:50,001:20,019:24,1.82,1.78,3.60,27.52,14.27,40.48,14.52,
60905,23/08/2026,16:21:17,55.00,1:18,8:33,000:24,7:17,000:57,018:29,1.83,1.81,3.64,26.04,14.45,33.15,15.86,
60905,23/08/2026,16:39:46,49.00,1:43,7:31,000:26,7:45,000:25,017:50,1.84,1.67,3.51,27.02,15.82,24.34,14.58,
60905,23/08/2026,16:57:36,52.50,2:25,8:21,000:27,7:13,000:43,019:09,1.73,1.70,3.43,26.70,13.78,30.03,15.82,
60905,23/08/2026,17:16:45,55.00,1:37,7:05,000:28,5:59,001:00,016:09,1.75,1.69,3.44,27.19,15.80,32.72,18.04,
60905,23/08/2026,17:32:54,56.00,1:58,7:01,000:24,11:12,000:46,021:21,1.69,2.14,3.83,28.28,15.77,33.86,13.04,
60905,23/08/2026,18:50:47,46.50,1:59,9:14,001:03,8:37,000:00,020:53,1.70,1.67,3.37,21.66,12.35,22.54,12.90,
60905,23/08/2026,19:11:40,50.00,2:02,8:38,000:26,6:59,001:36,019:41,1.70,1.67,3.37,22.43,13.45,25.16,15.12,
60905,23/08/2026,19:31:21,57.00,2:01,9:30,000:33,9:11,001:19,022:34,1.69,1.67,3.36,24.01,13.24,24.45,12.95,
60905,23/08/2026,19:53:55,59.50,2:00,8:40,000:25,13:02,002:46,026:53,1.76,2.19,3.95,23.09,13.04,27.63,12.28,
60905,25/08/2026,15:58:48,53.00,1:49,8:05,000:21,5:00,000:00,015:15,1.55,1.31,2.86,21.33,12.78,43.82,18.51,
60905,25/08/2026,16:14:03,50.00,4:09,6:20,000:19,7:47,004:22,022:57,1.64,1.78,3.42,27.19,16.19,49.24,16.41,
60905,25/08/2026,16:37:00,59.50,2:05,8:46,000:38,6:31,000:00,018:00,1.83,1.82,3.65,28.94,14.49,46.07,18.10,
60905,25/08/2026,16:55:00,39.00,1:22,5:25,000:17,5:26,000:00,012:30,1.39,1.32,2.71,31.57,17.46,46.72,16.81,
60905,25/08/2026,17:07:30,54.50,2:02,7:46,000:18,7:04,000:01,017:11,1.82,1.78,3.60,25.98,14.85,37.69,17.32,
60905,25/08/2026,17:24:41,58.00,1:29,8:51,000:20,13:49,006:10,030:39,1.83,2.21,4.04,30.42,14.14,20.02,11.31,
60905,25/08/2026,18:58:48,42.00,1:39,9:09,000:25,7:38,000:10,019:01,1.83,1.75,3.58,22.54,12.91,27.19,15.44,
60905,25/08/2026,19:17:49,54.50,1:38,7:53,000:26,8:21,000:07,018:25,1.79,1.73,3.52,25.00,13.96,27.24,15.58,
60905,25/08/2026,19:36:14,55.50,1:51,8:01,000:20,7:03,000:01,017:16,1.77,1.71,3.48,25.05,14.54,30.53,16.25,
60905,25/08/2026,19:53:30,51.50,2:01,9:31,000:20,7:24,000:34,019:50,1.70,1.42,3.12,21.00,12.34,33.81,13.27,
60905,25/08/2026,23:14:32,50.00,2:05,8:04,000:44,5:39,000:00,016:32,1.17,1.13,2.30,22.81,10.71,24.40,13.60,
60905,25/08/2026,23:31:04,35.50,1:54,8:55,029:22,6:40,000:00,046:51,1.45,1.46,2.91,24.29,11.67,26.48,14.21,
60905,26/08/2026,00:17:55,42.50,11:12,8:01,010:54,7:24,000:00,037:31,1.47,1.47,2.94,21.00,12.03,22.76,13.12,
60905,26/08/2026,00:55:26,37.50,6:09,6:38,000:20,6:57,000:00,020:04,1.15,1.46,2.61,25.00,12.25,22.48,13.06,
60905,26/08/2026,01:15:30,34.00,8:20,4:15,000:24,13:54,000:25,027:18,0.57,1.76,2.33,18.00,10.20,22.87,10.16,
60905,26/08/2026,02:58:37,46.00,2:03,7:42,000:22,6:59,000:28,017:34,1.47,1.44,2.91,24.07,12.49,23.58,13.53,
60905,26/08/2026,03:16:11,42.50,1:58,9:21,000:56,9:03,000:00,021:18,1.48,1.47,2.95,21.83,11.31,23.09,11.77,
60905,26/08/2026,03:37:29,38.50,2:17,8:06,009:13,12:31,009:46,5:53,1.21,15.75,16.96,21.44,11.12,32.17,14.85,
60905,26/08/2026,07:57:47,46.00,2:27,7:55,004:49,6:56,002:17,024:24,1.54,1.51,3.05,26.15,13.64,25.93,14.74,
60905,26/08/2026,08:22:11,53.00,2:31,7:26,003:44,7:20,001:20,022:21,1.53,1.57,3.10,25.82,14.67,27.41,15.26,
60905,26/08/2026,08:44:32,55.50,1:59,8:14,002:41,10:42,017:14,040:50,1.83,1.80,3.63,26.59,14.87,23.79,12.15,
60905,26/08/2026,09:25:22,66.00,2:01,8:26,000:31,16:48,006:37,034:23,1.83,2.18,4.01,20.79,13.68,23.74,10.19,
60905,26/08/2026,11:08:20,54.50,1:48,9:00,000:21,6:47,000:02,017:58,1.84,1.81,3.65,24.89,14.50,27.57,17.24,
60905,26/08/2026,11:26:18,50.50,1:56,7:09,000:18,7:12,001:21,017:56,1.84,1.54,3.38,26.10,16.39,24.67,14.24,
60905,26/08/2026,11:44:14,52.50,1:38,10:06,000:58,7:12,000:03,019:57,1.82,1.81,3.63,25.88,16.58,36.05,17.79,
60905,26/08/2026,12:04:11,58.00,1:43,8:50,000:30,11:26,007:49,030:18,1.83,1.87,3.70,31.62,16.42,31.24,12.22,
60905,26/08/2026,16:34:40,47.00,1:30,6:29,000:26,6:06,001:34,016:05,1.41,1.39,2.80,25.93,14.57,28.39,15.49,
60905,26/08/2026,16:50:45,51.00,2:04,7:51,000:18,6:07,000:01,016:21,1.45,1.41,2.86,25.55,13.76,32.50,15.22,
60905,26/08/2026,17:07:06,50.50,1:38,6:24,003:34,6:05,000:03,017:44,1.44,1.41,2.85,26.04,15.15,30.58,14.65,
60905,26/08/2026,17:24:50,45.50,1:43,8:53,000:20,8:58,000:09,020:03,1.43,1.74,3.17,27.90,14.52,43.88,14.33,
60905,26/08/2026,18:51:00,48.00,7:06,6:40,000:30,5:05,000:00,019:21,1.45,1.41,2.86,28.28,16.85,34.68,17.81,
60905,26/08/2026,19:10:21,39.50,1:50,7:56,023:42,8:04,001:08,042:40,1.44,1.44,2.88,28.34,16.37,25.44,11.89,
60905,26/08/2026,19:53:01,45.00,1:26,6:28,000:27,11:51,007:23,027:35,1.37,1.97,3.34,26.42,13.85,50.01,13.98,
60905,26/08/2026,23:17:52,49.50,1:24,9:38,000:17,8:06,000:00,019:25,1.71,1.67,3.38,22.32,13.55,22.81,13.24,
60905,26/08/2026,23:37:17,48.50,1:56,13:17,018:43,7:23,000:00,041:19,1.74,1.67,3.41,23.14,12.43,22.37,14.21,
60905,27/08/2026,00:18:36,54.00,1:28,10:32,028:28,7:17,000:00,047:45,1.67,1.67,3.34,22.15,12.00,22.65,14.15,
60905,27/08/2026,01:06:21,52.00,1:21,9:45,005:21,7:38,000:00,024:05,1.68,1.67,3.35,19.64,12.51,22.26,13.67,
60905,27/08/2026,01:30:26,42.50,1:14,8:34,010:19,12:14,000:00,032:21,1.69,2.28,3.97,24.62,13.46,32.17,12.40,
60905,27/08/2026,02:54:38,43.00,1:14,6:56,000:17,7:15,000:00,015:42,1.71,1.69,3.40,22.54,15.43,23.52,14.36,
60905,27/08/2026,03:10:20,51.00,1:33,9:00,001:02,7:42,000:00,019:17,1.70,1.67,3.37,22.21,13.26,29.43,13.43,
60905,27/08/2026,03:29:37,48.00,1:18,8:59,000:18,8:54,000:00,019:29,1.69,1.67,3.36,20.02,12.35,19.36,11.77,
60905,27/08/2026,03:49:06,54.50,1:33,11:28,000:29,2:33,006:43,10:46,1.73,16.45,18.18,14.16,10.02,28.17,12.14,
60905,27/08/2026,07:52:33,59.50,2:52,8:51,000:28,8:02,000:00,020:13,1.47,1.42,2.89,19.09,10.43,18.38,11.34,
60905,27/08/2026,08:12:46,59.00,2:09,8:56,000:23,7:50,000:00,019:18,1.49,1.44,2.93,19.20,10.74,22.54,12.24,
60905,27/08/2026,08:32:04,50.00,2:12,8:17,000:30,7:58,000:00,018:57,1.47,1.42,2.89,19.09,11.26,25.77,11.54,
60905,27/08/2026,08:51:01,56.50,1:46,7:44,000:33,9:53,000:00,019:56,1.47,1.40,2.87,21.61,11.98,22.81,11.74,
60905,27/08/2026,09:10:57,54.50,2:13,7:25,000:26,7:09,001:46,018:59,1.48,1.40,2.88,22.32,12.77,24.45,12.66,
60905,27/08/2026,09:29:56,45.00,2:02,7:35,000:29,20:03,001:16,031:25,1.45,1.79,3.24,21.00,12.02,16.85,7.66,
60905,27/08/2026,10:50:25,57.50,1:52,8:04,000:35,7:02,000:00,017:33,1.49,1.42,2.91,20.79,11.63,19.86,12.61,
60905,27/08/2026,11:07:58,40.50,2:06,7:25,000:27,7:37,000:00,017:35,1.43,1.39,2.82,21.83,12.34,18.82,11.56,
60905,27/08/2026,11:25:33,49.00,2:01,7:37,000:34,7:12,000:00,017:24,1.46,1.40,2.86,21.99,12.48,19.91,12.04,
60905,27/08/2026,11:42:57,58.00,2:15,7:09,001:43,5:59,001:01,018:07,1.48,1.43,2.91,26.42,13.28,31.29,15.40,
60905,27/08/2026,12:01:04,41.50,2:06,7:10,001:23,8:15,013:57,032:51,1.47,1.44,2.91,26.42,13.60,22.43,11.19,
60905,27/08/2026,15:31:12,40.00,2:26,5:35,000:16,4:50,000:00,013:07,1.49,1.44,2.93,28.23,16.94,38.30,19.29,
60905,27/08/2026,15:44:19,45.50,1:23,5:28,000:16,5:27,002:28,015:02,1.49,1.45,2.94,27.52,16.91,36.87,16.97,
60905,27/08/2026,15:59:21,40.00,1:16,5:24,000:17,5:39,001:47,014:23,1.50,1.42,2.92,28.45,17.75,32.28,16.49,
60905,27/08/2026,16:13:44,49.00,1:38,6:24,002:08,5:07,000:08,015:25,1.49,1.45,2.94,28.34,15.61,44.92,20.00,
60905,27/08/2026,16:29:28,47.00,1:32,5:40,000:16,4:38,000:26,012:32,1.49,1.44,2.93,28.28,16.44,45.25,20.40,
60905,27/08/2026,16:42:00,49.00,1:30,5:24,000:17,5:04,001:09,013:24,1.49,1.42,2.91,27.96,17.41,33.70,17.81,
60905,27/08/2026,16:55:24,47.50,1:33,5:58,000:17,5:07,000:44,013:39,1.50,1.47,2.97,28.61,15.91,35.51,18.09,
60905,27/08/2026,17:09:03,48.50,1:34,5:48,000:16,5:26,000:09,013:13,1.50,1.43,2.93,28.06,16.33,34.25,17.94,
60905,27/08/2026,17:22:16,51.50,1:40,5:37,000:16,4:56,000:00,012:29,1.50,1.46,2.96,28.17,16.86,43.82,18.35,
60905,27/08/2026,17:34:45,52.00,2:05,5:46,000:18,8:33,007:21,024:03,1.51,1.84,3.35,32.94,16.73,45.85,14.93,
60905,27/08/2026,18:55:43,38.50,1:34,5:50,000:17,5:32,001:45,014:58,1.48,1.44,2.92,28.34,16.44,32.55,16.48,
60905,27/08/2026,19:10:41,42.00,1:36,5:38,000:18,4:59,001:58,014:29,1.50,1.45,2.95,29.27,16.79,33.98,18.57,
60905,27/08/2026,19:25:10,50.00,1:26,5:35,000:17,5:31,001:41,014:30,1.50,1.42,2.92,28.50,17.12,35.18,17.07,
60905,27/08/2026,19:39:40,48.50,1:26,5:52,000:19,4:43,000:00,012:20,1.50,1.44,2.94,28.56,17.49,46.89,19.24,
60905,27/08/2026,19:52:00,51.00,1:30,6:27,001:04,11:09,001:49,021:59,1.51,2.10,3.61,27.63,15.14,27.02,12.40,
60905,27/08/2026,23:28:06,48.00,1:27,8:00,001:02,7:54,000:01,018:24,1.71,1.68,3.39,20.18,13.54,23.36,13.63,
60905,27/08/2026,23:46:30,46.50,1:29,8:29,000:25,7:50,000:00,018:13,1.71,1.68,3.39,23.41,12.86,18.71,13.19,
60905,28/08/2026,00:04:43,44.50,1:17,9:14,000:26,8:02,000:44,019:43,1.72,1.64,3.36,21.99,12.73,21.94,13.21,
60905,28/08/2026,00:24:26,50.00,1:33,9:05,001:29,8:53,000:04,021:04,1.71,1.65,3.36,24.95,13.41,22.43,14.07,
60905,28/08/2026,00:45:30,47.50,1:18,9:34,000:38,7:37,000:00,019:07,1.71,1.69,3.40,26.48,13.22,23.52,14.15,
60905,28/08/2026,01:04:37,52.50,1:39,8:33,000:52,7:57,000:00,019:01,1.71,1.68,3.39,22.54,13.05,30.85,13.79,
60905,28/08/2026,01:23:38,55.50,1:30,8:40,000:25,13:38,004:25,028:38,1.70,2.03,3.73,25.44,13.60,27.79,10.32,
60905,28/08/2026,03:00:22,50.50,1:17,9:11,000:27,8:30,000:02,019:27,1.73,1.68,3.41,24.73,12.00,23.47,12.53,
60905,28/08/2026,03:19:49,52.00,1:27,9:03,000:24,6:17,000:31,017:42,1.72,1.63,3.35,25.60,13.31,27.74,16.22,
60905,28/08/2026,03:37:31,50.00,1:13,7:53,003:54,7:33,000:00,020:33,1.72,1.67,3.39,25.55,14.50,26.86,15.37,
60905,28/08/2026,03:58:04,58.50,1:38,6:48,000:44,8:02,029:21,10:33,1.73,16.52,18.25,26.42,16.57,41.03,10.82,
60905,28/08/2026,23:52:34,41.00,2:20,10:41,000:19,9:39,000:27,023:26,1.64,1.58,3.22,24.13,10.04,25.98,10.76,
60905,29/08/2026,00:16:00,53.50,2:18,10:03,000:17,8:42,001:46,023:06,1.65,1.61,3.26,20.95,10.32,24.01,11.76,
60905,29/08/2026,00:39:06,55.50,2:32,9:21,000:30,8:31,000:00,020:54,1.66,1.60,3.26,22.70,11.13,23.69,11.61,
60905,29/08/2026,01:00:00,57.00,2:49,9:07,000:29,9:55,001:45,024:05,1.66,1.59,3.25,21.99,11.72,20.90,10.18,
60905,29/08/2026,01:24:05,46.50,2:09,8:09,000:18,15:21,006:09,032:06,1.65,1.97,3.62,25.38,12.63,19.09,9.27,
60905,29/08/2026,03:00:06,58.50,2:37,10:12,000:19,7:43,000:57,021:48,1.65,1.59,3.24,20.40,10.88,29.21,12.99,
60905,29/08/2026,03:21:54,55.50,2:41,11:15,000:29,11:31,000:00,025:56,1.65,1.57,3.22,20.73,10.59,17.01,9.65,
60905,29/08/2026,03:47:50,59.00,3:08,13:11,000:42,18:54,005:13,17:08,1.66,24.75,26.41,19.96,8.59,39.23,13.67,
60905,30/08/2026,15:49:14,45.50,1:56,9:42,000:15,21:54,002:32,036:19,1.57,1.50,3.07,18.27,10.25,17.56,9.59,
60905,30/08/2026,16:25:33,37.50,2:32,1:00,001:20,1:34,001:47,008:13,6.80,0.07,6.87,30.20,11.56,8.04,4.25,
60905,30/08/2026,19:06:27,36.50,1:34,9:21,000:15,0:50,002:37,14:37,1.57,26.44,28.01,23.41,11.06,31.62,10.67,
60906,20/07/2026,00:12:43,54.50,2:05,5:51,000:15,7:06,000:00,015:17,1.70,1.67,3.37,27.08,18.14,30.53,17.89,
60906,20/07/2026,00:28:00,59.00,1:59,4:29,001:15,8:31,000:00,016:14,1.70,2.40,4.10,35.34,23.64,39.56,18.49,
60906,20/07/2026,03:30:45,56.00,1:54,5:07,000:12,4:15,000:00,011:28,1.71,1.72,3.43,29.98,20.77,43.06,25.04,
60906,20/07/2026,03:42:13,45.50,1:43,4:42,000:15,4:42,000:00,011:22,1.71,1.69,3.40,36.98,23.10,38.84,22.20,
60906,20/07/2026,03:53:35,56.00,1:47,5:34,000:12,5:21,005:40,018:34,1.72,1.70,3.42,33.86,19.44,40.60,20.49,
60906,20/07/2026,04:12:09,53.00,1:13,4:50,000:23,5:25,000:00,011:51,1.70,1.70,3.40,35.01,22.18,33.70,19.20,
60906,20/07/2026,04:24:00,51.00,1:34,4:21,000:13,4:41,000:00,010:49,1.75,1.72,3.47,37.42,24.96,36.49,23.19,
60906,20/07/2026,04:34:49,59.00,1:54,4:26,000:12,4:51,000:47,012:10,1.71,1.70,3.41,35.67,24.38,38.57,22.39,
60906,20/07/2026,04:46:59,49.50,1:15,4:25,000:13,5:23,002:01,013:17,1.70,1.71,3.41,36.93,24.20,36.49,20.70,
60906,20/07/2026,05:00:16,57.00,1:22,4:23,000:11,4:56,002:15,013:07,1.72,1.68,3.40,40.60,24.67,35.89,21.46,
60906,20/07/2026,05:13:23,57.50,1:21,4:11,000:13,4:09,000:00,009:54,1.70,1.68,3.38,37.97,26.33,43.22,25.13,
60906,20/07/2026,05:23:17,44.00,1:41,4:19,000:12,4:26,000:00,010:38,1.71,1.72,3.43,37.42,25.08,49.73,25.55,
60906,20/07/2026,05:33:55,41.00,1:37,3:51,000:15,4:33,000:24,010:40,1.61,1.81,3.42,39.06,26.27,50.77,26.50,
60906,20/07/2026,05:44:35,34.00,1:37,3:41,000:20,13:04,015:54,034:36,1.48,2.83,4.31,38.13,26.42,54.00,15.16,
60906,20/07/2026,07:16:15,40.00,2:19,5:11,000:17,5:02,000:00,012:49,1.56,1.57,3.13,28.06,18.83,26.97,19.30,
60906,20/07/2026,07:29:04,48.50,1:49,5:10,000:18,4:55,000:00,012:12,1.57,1.57,3.14,27.46,18.72,31.62,19.92,
60906,20/07/2026,07:41:16,57.00,2:07,5:06,000:18,4:35,000:00,012:06,1.57,1.56,3.13,27.90,18.98,34.25,21.37,
60906,20/07/2026,07:53:22,56.00,1:41,4:17,000:17,4:12,000:50,011:17,1.56,1.54,3.10,41.52,22.77,43.33,23.08,
60906,20/07/2026,08:04:39,58.50,4:14,7:18,000:20,11:30,000:11,023:33,1.58,2.50,4.08,21.99,13.69,35.01,14.08,
60906,20/07/2026,11:22:20,50.00,2:09,5:00,000:16,5:39,000:01,013:05,1.74,1.73,3.47,34.85,21.46,28.28,19.01,
60906,20/07/2026,11:35:25,59.50,2:28,5:12,000:17,5:36,000:00,013:33,1.72,1.72,3.44,31.18,20.51,26.92,18.84,
60906,20/07/2026,11:48:58,55.50,2:15,5:35,000:15,5:21,000:00,013:26,1.73,1.76,3.49,28.94,19.22,31.40,20.31,
60906,20/07/2026,12:02:24,59.50,2:36,5:56,001:54,6:33,000:01,017:00,1.73,1.71,3.44,26.86,18.43,32.82,18.86,
60906,20/07/2026,12:19:24,47.00,1:45,5:15,000:17,5:38,000:00,012:55,1.66,1.77,3.43,28.94,20.12,30.15,19.43,
60906,20/07/2026,12:32:19,48.00,2:13,5:05,000:18,5:33,000:01,013:10,1.71,1.76,3.47,31.35,20.79,27.84,19.50,
60906,20/07/2026,12:45:29,52.50,2:59,5:06,000:15,5:13,000:00,013:33,1.73,1.75,3.48,32.22,21.17,33.59,20.84,
60906,20/07/2026,12:59:02,52.00,2:58,5:15,000:16,5:28,000:02,013:59,1.72,1.77,3.49,31.68,20.73,33.54,19.84,
60906,20/07/2026,13:13:01,52.00,2:40,4:51,000:15,5:32,000:00,013:18,1.72,1.77,3.49,35.51,22.09,32.06,19.74,
60906,20/07/2026,13:26:19,57.00,3:39,5:02,000:16,5:56,000:00,014:53,1.71,1.78,3.49,35.12,21.42,31.02,18.61,
60906,20/07/2026,13:41:12,48.00,4:11,6:00,000:16,5:22,000:00,015:49,1.74,1.77,3.51,29.60,17.75,33.59,20.38,
60906,20/07/2026,13:57:01,47.00,2:34,5:59,000:16,5:46,000:01,014:36,1.74,1.77,3.51,29.05,18.29,28.39,19.04,
60906,20/07/2026,14:11:37,44.00,2:16,4:57,000:16,5:49,000:00,013:18,1.72,1.77,3.49,33.10,21.57,26.92,18.73,
60906,20/07/2026,14:24:55,56.00,3:17,5:23,000:16,5:38,000:00,014:34,1.75,1.77,3.52,32.28,20.35,28.12,19.22,
60906,20/07/2026,14:39:29,51.00,3:11,5:14,001:17,12:07,001:02,046:51,1.73,9.35,11.08,33.92,20.86,42.62,4.64,
60906,30/07/2026,03:53:07,52.50,1:21,6:55,000:19,7:21,000:00,015:56,1.59,1.57,3.16,24.51,14.11,26.70,13.67,
60906,30/07/2026,04:09:03,47.50,1:33,6:38,000:20,6:58,000:03,015:32,1.60,1.61,3.21,25.44,14.79,26.53,14.39,
60906,30/07/2026,04:24:35,46.50,1:18,7:04,000:39,7:00,001:01,017:02,1.66,1.67,3.33,23.25,14.44,27.57,14.99,
60906,30/07/2026,04:41:37,46.00,1:30,6:41,000:25,6:44,000:00,015:20,1.69,1.68,3.37,24.51,15.33,27.57,15.47,
60906,30/07/2026,04:56:57,42.50,1:39,6:22,000:26,23:28,048:01,079:56,1.66,4.07,5.73,24.01,15.96,28.12,12.81,
60906,30/07/2026,07:15:38,46.50,1:47,6:45,000:19,7:03,000:00,015:54,1.65,1.67,3.32,25.11,15.08,25.22,15.04,
60906,30/07/2026,07:31:32,47.50,1:58,7:09,000:18,7:33,000:00,016:58,1.65,1.68,3.33,23.36,14.44,26.42,14.11,
60906,30/07/2026,07:48:30,47.00,2:00,6:57,000:23,6:59,000:00,016:19,1.64,1.68,3.32,21.99,14.62,28.72,15.01,
60906,30/07/2026,08:04:49,47.50,1:52,10:17,002:59,11:25,001:33,028:06,1.58,2.52,4.10,17.50,9.81,31.95,14.23,
60906,30/07/2026,11:30:33,42.50,2:54,6:22,000:18,8:36,003:04,021:14,1.77,1.74,3.51,28.39,17.33,23.69,13.56,
60906,30/07/2026,11:51:47,40.50,3:40,8:09,000:20,7:12,000:02,019:23,1.77,1.71,3.48,24.07,14.11,27.30,14.99,
60906,30/07/2026,12:11:10,57.50,3:20,6:57,000:14,7:40,001:16,019:27,1.77,1.74,3.51,26.80,15.82,23.52,14.00,
60906,30/07/2026,12:30:37,53.50,3:12,7:02,000:15,7:49,002:55,021:13,1.76,1.75,3.51,25.44,15.77,20.57,13.76,
60906,30/07/2026,12:51:50,52.50,4:08,6:59,000:15,8:08,001:15,020:45,1.76,1.73,3.49,28.17,15.66,22.59,13.11,
60906,30/07/2026,13:12:35,57.00,3:04,7:02,000:16,7:56,001:16,019:34,1.79,1.76,3.55,30.80,15.99,24.89,13.85,
60906,30/07/2026,13:32:09,52.50,3:33,6:32,000:14,9:17,000:18,019:54,1.80,1.73,3.53,27.41,17.08,18.60,11.88,
60906,30/07/2026,15:01:30,38.50,3:17,7:12,000:13,7:31,000:00,018:13,1.79,1.75,3.54,21.88,15.33,23.03,14.40,
60906,30/07/2026,15:19:43,55.50,2:59,7:02,000:14,7:05,000:00,017:20,1.81,1.74,3.55,25.82,15.93,25.16,15.17,
60906,30/07/2026,15:37:03,54.00,3:00,6:33,000:13,7:29,001:03,018:18,1.80,1.74,3.54,25.98,17.26,24.62,14.91,
60906,30/07/2026,15:55:21,58.50,2:57,7:14,000:13,7:18,000:14,017:56,1.82,1.73,3.55,24.56,15.57,36.11,16.58,
60906,30/07/2026,16:13:17,54.50,2:32,4:02,000:12,1:15,019:08,087:09,1.68,15.99,17.67,45.96,25.84,45.90,16.31,
60906,30/07/2026,19:18:34,34.50,1:09,4:29,000:16,4:49,000:00,010:43,1.73,1.71,3.44,39.83,24.04,36.87,22.40,
60906,30/07/2026,19:29:17,51.00,1:19,4:47,000:15,4:46,000:00,011:07,1.75,1.71,3.46,37.37,24.12,37.91,22.09,
60906,30/07/2026,19:40:24,46.50,1:25,5:22,000:14,7:43,015:51,030:35,1.74,2.05,3.79,36.16,20.75,36.11,16.81,
60906,30/07/2026,20:10:59,56.50,1:25,7:30,016:27,7:40,000:00,081:02,1.84,15.76,17.60,30.47,16.80,33.37,17.61,
60906,31/07/2026,05:30:34,48.00,2:12,5:10,000:28,4:59,000:32,013:21,1.81,1.79,3.60,34.90,21.50,48.20,22.72,
60906,31/07/2026,05:43:55,51.50,2:07,6:31,000:14,10:58,015:02,034:52,1.85,2.44,4.29,32.66,17.85,35.56,15.40,
60906,31/07/2026,07:16:52,55.00,4:08,5:33,000:40,6:39,000:01,017:01,1.72,1.71,3.43,32.22,18.99,31.13,16.42,
60906,31/07/2026,07:33:53,52.00,3:51,5:59,000:12,5:25,002:10,017:37,1.74,1.72,3.46,27.74,18.03,47.32,20.60,
60906,31/07/2026,07:51:30,56.50,3:51,6:57,000:19,6:26,001:26,018:59,1.76,1.71,3.47,27.14,16.08,33.32,17.30,
60906,31/07/2026,08:10:29,52.00,3:20,6:38,000:15,16:34,016:41,043:28,1.71,2.59,4.30,23.41,16.11,36.60,11.59,
60906,31/07/2026,11:42:32,38.00,1:13,8:36,000:32,8:07,000:07,018:35,1.87,1.86,3.73,28.23,15.55,26.53,14.96,
60906,31/07/2026,12:01:07,46.00,1:00,6:49,000:19,7:07,000:00,015:15,1.88,1.86,3.74,28.78,17.26,28.45,16.35,
60906,31/07/2026,12:16:22,43.00,1:19,8:57,000:19,7:23,000:00,017:58,1.89,1.85,3.74,24.73,13.07,27.96,15.48,
60906,31/07/2026,12:34:20,44.50,2:10,7:38,000:26,9:33,001:45,021:32,1.88,1.87,3.75,32.66,15.80,28.72,14.14,
60906,31/07/2026,15:12:57,52.00,1:27,8:17,000:17,7:27,010:21,027:49,1.88,1.85,3.73,25.82,14.60,28.83,15.52,
60906,31/07/2026,15:40:46,55.50,1:36,6:31,000:21,7:06,000:00,015:34,1.90,1.85,3.75,32.99,19.68,27.52,16.28,
60906,31/07/2026,15:56:20,48.00,1:35,7:22,000:57,13:01,006:06,089:01,1.86,16.40,18.26,28.50,16.02,31.13,12.11,
60906,01/08/2026,11:36:45,52.50,2:00,8:42,001:53,12:15,011:18,036:08,1.83,2.43,4.26,22.26,13.10,24.84,13.00,
60906,01/08/2026,19:48:19,55.00,2:07,5:14,000:15,6:04,000:00,013:40,1.73,1.54,3.27,32.66,20.60,32.55,17.62,
60906,01/08/2026,20:01:59,55.00,4:04,5:24,000:14,5:39,000:00,015:21,1.54,1.56,3.10,27.57,17.65,31.89,17.37,
60906,01/08/2026,20:17:20,59.50,2:18,6:26,000:13,6:08,002:56,018:01,1.57,1.56,3.13,28.01,15.53,26.31,15.84,
60906,01/08/2026,20:35:21,44.00,4:55,6:54,001:00,9:18,005:02,027:09,1.58,2.42,4.00,27.41,14.75,28.17,16.00,
60906,01/08/2026,21:02:30,58.50,1:49,6:08,000:14,6:41,000:00,014:52,1.79,1.73,3.52,27.52,18.23,32.28,17.29,
60906,01/08/2026,21:17:22,50.00,2:17,6:35,000:15,6:02,000:00,015:09,1.79,1.75,3.54,27.46,18.28,31.89,17.81,
60906,01/08/2026,21:32:31,59.50,1:52,6:18,000:21,5:53,000:00,014:24,1.79,1.75,3.54,26.97,17.45,26.92,18.29,
60906,01/08/2026,21:46:55,59.00,1:54,5:57,000:21,10:41,006:49,073:42,1.80,16.06,17.86,28.06,18.61,34.30,17.24,
60906,02/08/2026,03:47:54,53.50,1:14,6:17,000:18,6:56,006:28,021:13,1.89,1.89,3.78,31.29,18.52,28.50,17.24,
60906,02/08/2026,04:09:07,51.50,1:04,6:31,000:14,6:39,000:00,014:28,1.90,1.89,3.79,28.17,17.94,28.99,17.91,
60906,02/08/2026,04:23:35,59.00,1:18,7:31,001:03,6:33,000:00,016:25,2.03,1.79,3.82,32.06,16.94,31.40,17.54,
60906,02/08/2026,04:40:00,57.50,1:21,6:18,000:18,5:50,000:00,013:47,1.89,1.89,3.78,32.06,18.41,35.62,19.82,
60906,02/08/2026,04:53:47,53.00,1:19,8:26,004:05,7:45,001:48,023:23,2.12,1.71,3.83,30.25,16.23,29.54,14.67,
60906,02/08/2026,05:17:10,54.50,1:04,7:51,001:12,6:46,003:48,020:41,2.11,1.69,3.80,29.71,17.28,30.63,16.03,
60906,02/08/2026,05:37:51,56.00,1:18,7:12,000:59,7:20,000:20,017:09,1.90,1.89,3.79,27.52,16.29,28.01,16.12,
60906,02/08/2026,05:55:00,57.00,1:21,10:16,047:41,7:27,001:35,068:20,2.31,1.77,4.08,31.29,14.96,28.34,15.81,
60906,02/08/2026,07:03:20,52.00,1:49,6:11,000:18,7:36,000:44,016:38,1.89,1.89,3.78,32.44,18.71,27.74,15.47,
60906,02/08/2026,07:19:58,57.00,1:21,7:05,000:16,6:45,000:00,015:27,1.90,1.88,3.78,30.03,16.41,25.71,17.12,
60906,02/08/2026,07:35:25,44.00,1:03,6:14,000:21,6:59,001:17,015:54,1.89,1.88,3.77,31.13,18.55,27.57,16.71,
60906,02/08/2026,07:51:19,54.00,2:01,6:17,000:17,6:29,000:00,015:04,1.90,1.89,3.79,31.62,18.52,31.02,18.08,
60906,02/08/2026,08:06:23,51.50,1:38,7:07,000:16,12:43,012:14,033:58,1.89,2.62,4.51,28.83,16.23,27.79,13.16,
60906,02/08/2026,11:34:01,51.00,1:54,6:01,000:16,5:42,000:00,013:53,1.77,1.74,3.51,28.45,18.14,31.57,18.96,
60906,02/08/2026,11:47:54,59.00,1:51,4:23,000:14,5:32,001:01,013:01,1.55,1.52,3.07,29.87,21.58,32.17,17.57,
60906,02/08/2026,12:00:55,40.50,2:21,6:16,000:21,20:38,003:58,033:34,1.80,5.34,7.14,29.76,17.52,38.62,18.15,
60906,02/08/2026,12:34:29,59.50,2:02,6:12,000:15,6:41,000:21,015:31,1.82,1.72,3.54,32.66,17.98,35.83,16.09,
60906,02/08/2026,12:50:00,49.00,2:04,5:39,000:17,6:09,002:05,016:14,1.80,1.75,3.55,32.99,19.79,32.39,17.83,
60906,02/08/2026,13:06:14,53.50,2:10,5:51,000:18,5:06,001:49,015:14,1.80,1.74,3.54,31.24,19.19,38.35,21.57,
60906,02/08/2026,13:21:28,45.00,2:29,5:28,000:17,6:01,007:00,021:15,1.80,1.75,3.55,33.26,20.34,34.79,18.24,
60906,02/08/2026,13:42:43,45.50,2:27,5:27,000:15,8:12,001:40,018:01,1.78,1.74,3.52,35.78,20.62,26.86,13.44,
60906,02/08/2026,14:00:44,41.50,2:04,6:33,000:17,5:30,000:00,014:24,1.78,1.74,3.52,29.71,16.92,36.49,19.96,
60906,02/08/2026,14:15:08,48.50,2:27,5:50,000:14,6:39,000:27,015:37,1.68,1.61,3.29,29.21,17.99,32.33,15.92,
60906,02/08/2026,14:30:45,54.50,3:21,7:03,001:44,8:58,012:59,082:05,1.69,15.62,17.31,27.68,15.17,39.99,16.86,
60906,02/08/2026,19:37:46,51.50,3:27,5:03,000:18,5:47,000:00,014:35,1.42,1.71,3.13,30.53,17.42,33.54,18.62,
60906,02/08/2026,19:52:21,47.00,1:27,6:16,000:14,5:04,000:00,013:01,1.75,1.69,3.44,27.46,18.36,39.94,22.26,
60906,02/08/2026,20:05:22,56.00,1:07,5:33,001:08,4:41,002:17,014:46,1.86,1.88,3.74,34.25,22.19,51.37,26.38,
60906,02/08/2026,20:20:08,54.00,1:25,5:29,000:14,5:23,002:18,014:49,1.93,1.86,3.79,35.78,22.13,34.68,21.71,
60906,02/08/2026,20:34:57,53.00,1:05,5:52,000:27,6:05,000:28,013:57,1.80,1.75,3.55,32.99,19.64,36.65,21.45,
60906,02/08/2026,20:48:54,56.00,1:19,4:39,000:19,4:57,000:00,011:14,1.81,1.76,3.57,37.47,24.24,37.75,22.52,
60906,02/08/2026,21:00:08,56.00,1:18,5:35,000:56,5:11,000:00,013:00,1.80,1.76,3.56,40.48,21.27,42.18,22.46,
60906,02/08/2026,21:13:08,54.00,1:40,5:42,000:30,5:32,001:00,014:24,1.91,1.88,3.79,39.28,21.43,38.24,22.22,
60906,02/08/2026,21:27:32,53.50,1:21,5:40,000:14,5:55,000:00,013:10,1.92,1.89,3.81,38.73,21.91,37.20,21.47,
60906,02/08/2026,21:40:42,57.50,1:37,7:25,000:17,13:38,004:46,027:43,1.92,2.58,4.50,32.72,17.44,24.84,12.32,
60906,02/08/2026,23:09:25,54.00,1:27,4:16,000:14,5:18,000:00,011:15,1.64,1.62,3.26,43.33,23.56,37.15,22.13,
60906,02/08/2026,23:20:40,51.00,1:35,5:16,000:12,5:00,000:00,012:03,1.65,1.64,3.29,32.22,19.11,38.02,22.63,
60906,02/08/2026,23:32:43,53.00,1:26,6:36,000:16,4:41,000:00,012:59,1.65,1.64,3.29,29.10,17.74,36.43,22.68,
60906,02/08/2026,23:45:42,52.50,1:27,6:41,000:13,3:56,000:00,012:17,1.66,1.65,3.31,29.81,17.43,40.48,26.44,
60906,02/08/2026,23:57:59,50.00,1:32,5:01,000:27,6:05,000:00,013:05,1.67,1.66,3.33,36.43,21.53,28.17,17.10,
60906,03/08/2026,00:11:04,52.00,1:38,7:40,001:05,9:21,012:51,032:35,1.66,2.03,3.69,26.70,15.33,32.72,15.66,
60906,03/08/2026,03:31:47,45.00,1:56,4:17,000:12,3:41,000:00,010:06,0.87,0.95,1.82,31.46,13.79,30.31,16.33,
60906,03/08/2026,03:41:53,51.50,1:33,4:09,000:13,3:57,001:12,011:04,0.98,0.96,1.94,32.88,15.67,35.12,16.60,
60906,03/08/2026,03:52:57,44.00,1:29,4:26,000:15,4:40,001:18,012:08,0.98,0.95,1.93,32.22,14.72,29.81,13.72,
60906,03/08/2026,04:05:05,51.00,1:28,4:14,000:14,3:31,000:01,009:28,0.98,0.94,1.92,33.48,15.59,31.46,17.08,
60906,03/08/2026,04:14:33,54.50,1:39,4:51,000:20,5:26,001:05,013:21,0.98,0.85,1.83,28.61,13.66,26.10,10.93,
60906,03/08/2026,04:27:54,47.00,1:40,4:30,000:13,3:58,002:33,012:54,0.90,0.96,1.86,26.80,13.99,31.79,15.25,
60906,03/08/2026,04:40:48,51.50,1:57,5:35,000:15,4:09,000:53,012:49,0.98,0.96,1.94,25.77,11.75,30.42,14.47,
60906,03/08/2026,04:53:37,59.50,2:04,5:22,001:30,3:47,001:30,014:13,1.00,0.97,1.97,28.78,12.21,23.79,16.19,
60906,03/08/2026,05:07:50,58.00,2:32,5:23,000:27,4:01,002:09,014:32,1.01,0.97,1.98,26.53,12.44,28.99,15.08,
60906,03/08/2026,05:22:22,50.50,2:14,6:33,002:03,3:01,000:00,013:51,1.02,0.95,1.97,21.50,10.78,36.55,20.70,
60906,03/08/2026,05:36:13,57.50,2:25,5:51,001:17,5:59,002:12,017:44,1.01,1.12,2.13,25.38,11.96,28.06,12.33,
60906,03/08/2026,06:56:54,50.50,2:49,4:59,000:14,3:53,000:16,012:11,1.03,0.99,2.02,27.24,13.54,32.72,16.02,
60906,03/08/2026,07:09:05,48.50,3:47,4:54,000:15,4:27,000:01,013:24,1.01,0.98,1.99,25.27,13.36,23.36,13.80,
60906,03/08/2026,07:22:29,47.00,1:48,5:30,001:11,4:20,000:00,012:49,1.03,0.99,2.02,25.66,12.74,27.30,14.47,
60906,03/08/2026,07:35:18,50.50,2:08,5:56,001:25,4:40,000:01,014:10,1.01,0.99,2.00,25.88,11.68,24.13,13.31,
60906,03/08/2026,07:49:28,48.50,2:06,5:41,002:43,3:30,001:59,015:59,1.03,0.99,2.02,38.79,11.87,33.48,18.42,
60906,03/08/2026,08:05:27,46.50,2:05,5:09,002:04,1:42,014:25,073:25,1.04,14.46,15.50,29.76,13.55,44.21,18.16,
60906,03/08/2026,11:29:19,45.00,1:25,7:04,000:17,12:55,001:14,022:55,1.82,2.49,4.31,28.94,16.87,28.23,13.61,
60906,03/08/2026,12:20:21,56.50,1:01,6:22,000:19,9:45,000:00,017:27,1.87,1.84,3.71,28.99,18.46,32.77,14.72,
60906,03/08/2026,12:37:48,51.50,1:10,6:25,000:13,13:43,000:02,021:33,1.88,2.67,4.55,27.79,17.97,32.88,13.92,
60906,03/08/2026,20:18:20,57.50,1:58,5:37,000:15,6:26,000:00,014:16,1.59,1.57,3.16,41.69,21.05,37.42,19.91,
60906,03/08/2026,20:32:36,56.50,1:22,6:11,000:14,5:43,000:00,013:30,1.59,1.57,3.16,33.98,19.81,31.95,18.58,
60906,03/08/2026,20:46:06,36.50,1:28,5:26,000:15,5:50,000:22,013:21,1.59,1.56,3.15,39.78,19.62,37.04,20.76,
60906,03/08/2026,20:59:27,32.00,1:45,6:41,000:26,4:45,000:00,013:37,1.60,1.56,3.16,29.81,17.50,35.34,20.42,
60906,03/08/2026,21:13:04,56.50,1:32,5:27,000:17,4:03,000:01,011:20,1.07,0.99,2.06,34.85,14.48,38.79,17.68,
60906,03/08/2026,21:24:24,51.50,2:12,5:19,000:23,7:54,000:14,016:02,1.69,1.71,3.40,33.37,20.20,38.30,19.58,
60906,03/08/2026,21:40:26,55.00,3:27,5:28,000:37,7:42,002:12,019:26,1.64,2.29,3.93,36.27,20.81,45.85,19.33,
60906,03/08/2026,23:02:38,55.50,2:34,4:53,000:19,5:52,000:00,013:38,1.58,1.60,3.18,36.33,21.20,28.12,18.33,
60906,03/08/2026,23:16:16,55.50,1:50,4:44,000:12,4:29,002:21,013:36,1.62,1.61,3.23,33.26,21.70,41.85,23.48,
60906,03/08/2026,23:29:52,56.00,1:40,4:37,000:17,4:58,002:00,013:32,1.63,1.61,3.24,33.04,22.02,38.19,21.17,
60906,03/08/2026,23:43:24,51.00,1:47,5:24,000:17,4:29,002:23,014:20,1.65,1.60,3.25,31.02,19.57,47.87,22.44,
60906,03/08/2026,23:57:44,58.50,1:42,5:22,000:14,5:13,002:11,014:42,1.66,1.62,3.28,30.80,19.13,33.59,19.44,
60906,04/08/2026,00:12:26,57.50,1:41,6:53,000:37,9:14,011:01,089:26,1.65,16.67,18.32,25.00,16.28,41.36,15.21,
60906,04/08/2026,11:25:11,53.00,1:53,5:32,000:17,5:16,000:00,012:58,1.63,1.59,3.22,27.63,18.44,27.24,18.86,
60906,04/08/2026,11:38:09,54.50,1:58,6:32,000:18,5:35,000:00,014:23,1.79,1.73,3.52,26.80,17.15,33.48,19.50,
60906,04/08/2026,11:52:32,46.00,2:01,6:18,000:17,5:46,000:00,014:22,1.68,1.60,3.28,25.16,16.65,27.14,17.38,
60906,04/08/2026,12:06:54,53.50,1:38,6:21,000:15,5:53,000:00,014:07,1.67,1.60,3.27,27.96,16.57,26.31,16.88,
60906,04/08/2026,12:21:01,53.50,1:55,6:07,000:19,6:28,000:00,014:49,1.67,1.60,3.27,28.23,17.02,27.74,15.93,
60906,04/08/2026,12:35:50,54.00,1:44,6:55,000:31,5:58,000:12,015:20,1.67,1.60,3.27,24.34,15.33,29.76,17.13,
60906,04/08/2026,12:51:10,56.00,1:14,6:56,000:45,5:51,002:44,017:30,1.79,1.72,3.51,25.93,16.48,32.61,18.68,
60906,04/08/2026,13:08:40,51.50,1:59,7:35,000:16,5:38,002:17,017:45,1.79,1.73,3.52,24.89,14.73,34.14,19.69,
60906,04/08/2026,13:26:25,51.50,1:49,5:30,000:17,5:19,000:00,012:55,1.77,1.72,3.49,32.00,19.90,31.57,20.48,
60906,04/08/2026,13:39:20,55.00,2:16,5:50,000:17,5:52,006:12,020:27,1.78,1.74,3.52,30.80,19.21,29.43,19.08,
60906,04/08/2026,13:59:47,55.50,2:05,5:32,000:25,5:01,000:56,013:59,1.78,1.70,3.48,30.20,19.84,34.58,21.43,
60906,04/08/2026,14:13:46,51.50,2:06,6:32,000:23,5:58,000:21,015:20,1.77,1.71,3.48,27.57,16.79,28.45,18.27,
60906,04/08/2026,14:29:06,55.50,1:48,6:45,000:17,9:16,018:06,084:12,1.76,15.63,17.39,28.39,16.32,43.44,16.64,
60906,04/08/2026,19:42:18,57.00,2:45,5:11,000:15,5:52,001:19,015:22,1.53,1.48,3.01,28.99,18.43,27.41,16.84,
60906,04/08/2026,19:57:40,54.50,2:45,6:31,000:17,5:59,000:44,016:16,1.64,1.60,3.24,24.89,15.86,26.42,16.55,
60906,04/08/2026,20:13:56,55.50,3:13,4:37,000:17,4:49,000:00,012:56,1.08,1.07,2.15,27.24,14.44,21.44,13.91,
60906,04/08/2026,20:26:52,46.50,1:32,4:00,000:15,5:12,000:00,010:59,1.10,1.26,2.36,29.27,16.89,29.32,15.04,
60906,04/08/2026,20:37:51,52.00,1:02,4:27,000:15,4:28,000:44,010:56,1.28,1.27,2.55,27.84,17.70,31.68,17.96,
60906,04/08/2026,20:48:47,55.00,1:29,5:13,000:16,4:17,000:00,011:15,1.29,1.27,2.56,32.99,16.76,28.28,18.32,
60906,04/08/2026,21:00:02,46.50,1:40,4:06,000:18,4:38,000:00,010:42,1.28,1.28,2.56,32.17,19.18,30.20,19.21,
60906,04/08/2026,21:10:44,53.50,1:26,4:16,000:18,4:39,000:00,010:39,1.27,1.26,2.53,33.59,18.56,28.94,16.94,
60906,04/08/2026,21:21:23,54.50,1:28,4:29,000:16,4:42,001:21,012:16,1.29,1.34,2.63,29.60,17.75,36.43,18.09,
60906,04/08/2026,21:33:39,54.00,1:30,4:42,000:16,4:41,001:30,012:39,1.29,1.30,2.59,34.68,17.21,28.28,17.14,
60906,04/08/2026,21:46:18,54.50,1:24,5:05,000:16,7:09,002:06,016:00,1.33,1.46,2.79,32.99,16.41,28.01,13.01,
60906,04/08/2026,23:07:38,54.00,1:39,5:37,000:15,6:02,000:07,013:40,1.84,1.85,3.69,32.22,20.39,30.75,18.83,
60906,04/08/2026,23:21:18,59.50,1:28,5:32,000:14,5:40,002:05,014:59,1.86,1.84,3.70,33.48,20.63,31.89,20.74,
60906,04/08/2026,23:36:17,51.50,1:24,5:40,000:15,5:32,000:00,012:51,1.84,1.85,3.69,32.00,20.01,32.82,21.09,
60906,04/08/2026,23:49:08,50.00,0:55,6:26,000:46,5:15,000:00,013:22,1.85,1.85,3.70,34.08,20.01,33.26,21.63,
60906,05/08/2026,00:02:30,59.50,2:07,5:48,000:58,4:55,000:00,013:48,1.87,1.86,3.73,35.34,20.94,36.71,23.27,
60906,05/08/2026,00:16:18,53.00,1:40,5:48,000:57,7:23,000:01,015:49,1.87,2.21,4.08,34.90,20.47,37.15,18.73,
60906,05/08/2026,04:00:18,53.50,1:29,4:35,000:16,5:01,000:00,011:21,1.64,1.63,3.27,36.77,22.77,33.59,20.43,
60906,05/08/2026,04:11:39,55.50,1:30,4:16,000:20,4:48,000:00,010:54,1.69,1.62,3.31,36.27,24.56,36.77,21.03,
60906,05/08/2026,04:22:33,52.50,1:17,4:15,000:17,4:29,000:37,010:55,1.64,1.60,3.24,36.22,24.05,40.21,22.38,
60906,05/08/2026,04:33:28,39.50,1:53,4:46,000:18,5:09,000:44,012:50,1.65,1.60,3.25,34.58,21.76,37.47,19.92,
60906,05/08/2026,04:46:18,54.50,1:19,4:19,000:17,4:59,001:02,011:56,1.67,1.61,3.28,36.49,24.36,35.45,20.47,
60906,05/08/2026,04:58:14,52.50,1:47,4:16,000:20,4:45,001:00,012:08,1.65,1.59,3.24,36.38,24.22,34.90,21.02,
60906,05/08/2026,05:10:22,50.50,1:40,5:11,000:19,4:56,000:00,012:06,1.67,1.64,3.31,30.97,19.86,29.76,20.25,
60906,05/08/2026,05:22:28,54.00,2:13,5:22,000:17,4:58,000:14,013:04,1.64,1.53,3.17,31.40,18.93,31.95,19.71,
60906,05/08/2026,05:35:32,37.50,2:31,6:10,000:21,9:33,001:27,020:02,1.61,1.47,3.08,24.62,15.97,27.68,10.27,
60906,05/08/2026,06:57:54,40.00,1:37,5:00,000:18,5:45,000:00,012:40,1.68,1.66,3.34,32.94,20.72,26.20,18.11,
60906,05/08/2026,07:10:34,46.50,1:49,5:22,000:22,5:40,000:00,013:13,1.65,1.63,3.28,28.61,19.26,26.48,17.59,
60906,05/08/2026,07:23:47,52.00,1:25,5:05,000:23,5:49,000:00,012:42,1.66,1.62,3.28,31.29,20.18,28.34,18.00,
60906,05/08/2026,07:36:29,44.00,1:14,5:14,000:19,5:49,000:41,013:17,1.70,1.65,3.35,28.99,19.92,26.80,17.79,
60906,05/08/2026,07:49:46,46.50,1:21,6:07,000:25,6:25,000:25,014:43,1.68,1.62,3.30,26.92,17.16,26.64,16.85,
60906,05/08/2026,08:04:29,51.00,1:22,6:37,000:23,10:26,009:27,028:15,1.65,1.53,3.18,25.66,15.52,28.61,10.31,
60906,05/08/2026,22:12:45,54.00,0:53,5:58,001:02,6:47,000:00,014:40,1.79,1.74,3.53,30.31,19.11,32.17,17.29,
60906,05/08/2026,22:27:25,55.00,1:20,5:19,000:15,6:04,001:07,014:05,1.78,1.73,3.51,30.36,21.17,35.23,21.67,
60906,05/08/2026,22:41:30,57.50,1:15,5:39,000:13,4:53,000:00,012:00,1.80,1.70,3.50,32.17,20.84,45.68,22.95,
60906,05/08/2026,22:53:30,47.00,2:04,6:02,000:15,5:06,001:35,015:02,1.79,1.68,3.47,31.35,18.41,45.41,20.95,
60906,05/08/2026,23:08:32,52.50,1:57,6:33,000:16,5:56,000:00,014:42,1.79,1.71,3.50,34.52,18.68,34.74,18.70,
60906,05/08/2026,23:23:14,48.50,1:40,6:15,000:16,5:45,000:00,013:56,1.80,1.73,3.53,30.15,17.82,27.96,18.71,
60906,05/08/2026,23:37:10,53.50,1:42,6:02,000:25,9:13,000:25,017:47,1.77,1.70,3.47,35.51,19.76,36.00,18.35,
60906,05/08/2026,23:54:57,49.50,2:03,5:52,000:20,6:19,010:57,085:31,1.78,16.09,17.87,30.09,19.10,38.24,15.24,
60906,06/08/2026,04:10:21,55.00,2:05,5:56,000:19,5:18,001:15,014:53,1.64,1.58,3.22,26.59,17.67,33.76,18.54,
60906,06/08/2026,04:25:14,60.50,2:07,6:05,000:27,4:59,000:19,013:57,1.63,1.58,3.21,25.88,16.78,34.08,19.78,
60906,06/08/2026,04:39:11,55.00,1:54,5:53,000:17,5:39,000:00,013:43,1.63,1.60,3.23,25.82,17.41,29.76,17.36,
60906,06/08/2026,04:52:54,56.00,1:48,5:41,000:17,5:54,000:55,014:35,1.62,1.61,3.23,28.45,18.06,31.51,17.01,
60906,06/08/2026,05:07:29,55.00,2:20,5:49,000:17,5:06,000:00,013:32,1.62,1.59,3.21,26.37,17.56,30.03,19.28,
60906,06/08/2026,05:21:01,55.50,2:26,6:05,000:20,5:16,000:00,014:07,1.65,1.60,3.25,26.48,16.98,31.13,18.92,
60906,06/08/2026,05:35:08,55.00,2:43,6:58,000:22,12:59,000:56,023:58,1.65,2.39,4.04,24.45,14.87,26.64,11.56,
60906,06/08/2026,06:57:10,55.50,1:52,6:08,000:20,6:05,000:00,014:25,1.64,1.59,3.23,27.19,16.70,25.98,16.04,
60906,06/08/2026,07:11:35,51.50,2:03,6:15,000:20,6:06,000:00,014:44,1.65,1.61,3.26,27.41,16.52,26.59,16.17,
60906,06/08/2026,07:26:19,58.50,2:10,6:35,000:17,13:27,000:00,022:29,1.65,2.08,3.73,25.05,15.69,24.34,10.53,
60906,06/08/2026,21:00:56,62.00,2:21,7:27,000:50,5:44,000:00,016:22,1.84,1.68,3.52,28.94,17.53,34.96,19.28,
60906,06/08/2026,21:17:18,58.00,2:29,6:57,000:36,7:07,001:58,019:07,1.75,1.61,3.36,26.92,16.38,34.47,16.15,
60906,06/08/2026,21:36:25,59.50,1:55,6:50,000:18,10:00,000:23,019:26,1.78,1.88,3.66,30.20,16.39,24.23,12.27,
60906,06/08/2026,22:57:16,63.50,1:53,9:09,001:00,6:11,000:20,018:33,2.03,1.70,3.73,28.50,15.95,27.57,18.21,
60906,06/08/2026,23:15:49,33.00,1:55,4:10,000:16,3:45,001:10,011:16,0.92,0.88,1.80,32.44,17.58,30.97,17.59,
60906,06/08/2026,23:27:05,44.00,1:17,4:26,000:20,4:11,000:20,010:34,0.85,0.85,1.70,32.88,13.91,36.71,16.03,
60906,06/08/2026,23:37:39,63.50,2:13,8:35,000:43,9:35,025:56,071:02,1.80,5.23,7.03,27.08,14.99,38.19,12.09,
60906,09/08/2026,04:51:33,50.50,1:40,2:42,002:13,4:16,000:00,010:51,0.51,0.57,1.08,16.74,12.40,17.17,10.57,
60906,09/08/2026,05:02:24,48.50,1:12,2:47,000:23,3:45,001:42,009:49,0.51,0.57,1.08,21.22,11.88,18.71,11.09,
60906,09/08/2026,05:12:13,45.50,2:42,2:34,000:15,5:33,008:20,019:24,0.53,0.67,1.20,18.38,13.13,20.57,9.37,
60906,09/08/2026,05:31:37,59.00,2:22,2:59,000:14,3:56,005:49,015:20,0.56,0.58,1.14,22.76,12.22,21.28,10.44,
60906,09/08/2026,05:46:57,53.00,2:54,2:29,000:14,10:10,012:55,028:42,0.49,1.25,1.74,18.87,13.02,23.31,8.79,
60906,09/08/2026,07:45:49,40.00,1:44,2:58,000:17,4:16,004:05,013:20,0.44,0.52,0.96,18.21,9.61,14.66,8.96,
60906,09/08/2026,07:59:09,48.50,1:29,4:05,000:16,4:19,002:07,012:16,0.45,0.50,0.95,14.06,8.39,11.92,7.73,
60906,09/08/2026,08:11:25,52.00,1:20,4:56,000:20,9:43,000:44,017:03,0.44,1.41,1.85,13.24,8.54,20.51,9.60,
60906,09/08/2026,11:46:46,51.50,2:01,8:14,000:23,7:35,000:00,018:13,1.81,1.66,3.47,28.12,13.91,25.00,14.35,
60906,09/08/2026,12:04:59,55.00,2:39,8:40,000:28,9:28,004:12,025:27,1.81,1.62,3.43,27.79,14.30,24.73,12.10,
60906,09/08/2026,12:30:26,65.00,2:12,7:36,000:29,7:35,004:49,022:41,1.74,1.64,3.38,26.53,15.22,23.41,13.41,
60906,09/08/2026,12:53:07,56.00,1:54,8:06,000:30,10:29,006:24,027:23,1.73,1.77,3.50,23.74,13.52,25.77,11.46,
60906,09/08/2026,13:20:30,58.00,1:41,6:57,000:27,8:10,002:17,019:32,1.71,1.62,3.33,28.39,15.63,27.57,13.28,
60906,09/08/2026,13:40:02,60.50,1:53,8:55,000:23,8:14,000:25,019:50,1.72,1.64,3.36,24.18,13.24,26.75,12.64,
60906,09/08/2026,13:59:52,55.50,1:32,8:16,000:28,8:03,000:01,018:20,1.73,1.64,3.37,19.36,12.98,24.51,12.42,
60906,09/08/2026,14:18:12,47.50,1:21,8:16,000:33,12:42,023:28,10:20,1.74,15.50,17.24,23.25,12.97,36.11,12.65,
60906,10/08/2026,03:31:15,56.00,1:54,2:41,000:22,4:13,001:43,010:53,0.44,0.42,0.86,16.90,11.04,12.47,7.43,
60906,10/08/2026,03:42:08,41.50,2:26,4:16,000:31,3:59,001:54,013:06,0.52,0.45,0.97,15.42,8.41,16.30,9.34,
60906,10/08/2026,03:55:14,47.00,1:53,3:07,000:23,3:26,002:24,011:13,0.45,0.44,0.89,16.95,10.49,13.73,9.02,
60906,10/08/2026,04:06:27,35.50,2:30,3:02,000:24,3:58,009:35,019:29,0.45,0.53,0.98,15.10,10.30,15.59,9.06,
60906,10/08/2026,04:25:56,39.50,3:50,3:10,000:19,9:33,000:00,016:52,0.44,1.64,2.08,17.94,10.34,24.45,11.50,
60906,10/08/2026,04:42:48,54.50,2:14,9:29,000:22,14:03,002:19,028:27,1.67,1.62,3.29,16.85,10.86,12.58,7.76,
60906,10/08/2026,05:11:15,41.00,2:17,14:44,000:19,12:02,000:00,029:22,1.67,1.63,3.30,10.99,7.51,18.49,9.06,
60906,10/08/2026,05:40:37,51.00,2:00,10:22,001:09,14:00,007:10,034:41,1.60,2.02,3.62,14.33,9.89,16.63,9.13,
60906,10/08/2026,07:19:25,56.50,1:54,10:28,000:17,10:20,002:29,025:28,1.65,1.61,3.26,13.46,9.80,13.84,9.68,
60906,10/08/2026,07:44:53,46.00,1:30,14:22,000:57,12:13,000:18,029:20,1.70,1.63,3.33,14.55,8.06,18.05,8.35,
60906,10/08/2026,08:14:13,52.00,1:54,12:17,000:39,11:41,000:00,026:31,1.69,1.62,3.31,12.80,8.60,14.71,8.93,
60906,10/08/2026,08:40:44,55.50,1:32,10:44,000:18,14:52,004:46,032:12,1.68,2.18,3.86,16.85,9.92,20.62,9.78,
60906,10/08/2026,11:40:28,56.50,1:55,8:24,000:15,9:00,000:00,019:34,1.77,1.72,3.49,29.38,13.39,33.64,16.96,
60906,10/08/2026,12:00:02,53.00,1:47,7:25,000:16,6:41,000:00,016:09,1.83,1.77,3.60,26.64,16.27,25.33,16.30,
60906,10/08/2026,12:16:11,57.50,2:10,6:26,000:27,7:21,002:18,018:42,1.77,1.71,3.48,27.96,17.32,27.30,17.26,
60906,10/08/2026,12:34:53,58.00,2:20,9:04,001:21,7:06,000:00,019:51,1.77,1.69,3.46,29.43,14.69,26.75,15.84,
60906,10/08/2026,12:54:44,59.50,1:49,6:50,000:15,7:36,000:00,016:30,1.78,1.76,3.54,27.57,17.05,28.83,15.70,
60906,10/08/2026,13:11:14,55.50,2:36,7:31,000:25,10:32,000:16,081:20,1.79,16.81,18.60,28.61,15.04,31.57,14.85,
60906,10/08/2026,23:34:49,58.00,1:00,5:59,000:16,5:51,000:00,013:06,1.66,1.60,3.26,27.79,17.35,30.36,16.83,
60906,10/08/2026,23:47:55,49.50,1:12,6:08,000:17,7:06,001:34,016:17,1.67,1.58,3.25,25.98,17.16,24.34,14.23,
60906,11/08/2026,00:04:12,53.00,1:12,5:30,000:16,4:58,001:55,013:51,1.58,1.50,3.08,31.18,17.70,35.56,19.52,
60906,11/08/2026,00:18:03,40.50,0:01,6:05,001:30,11:28,015:52,034:56,1.67,2.16,3.83,32.55,18.61,41.20,12.23,
60906,11/08/2026,03:47:29,51.50,1:38,13:28,000:22,12:24,000:00,027:52,1.69,1.62,3.31,12.80,7.73,13.40,8.02,
60906,11/08/2026,04:15:21,56.50,1:34,14:44,000:22,15:00,000:00,031:40,1.68,1.67,3.35,11.76,7.04,11.98,6.82,
60906,11/08/2026,04:47:01,54.50,1:59,13:04,000:26,12:49,000:00,028:18,1.68,1.66,3.34,13.02,8.24,13.29,7.92,
60906,11/08/2026,05:15:19,56.00,2:03,12:01,000:28,13:38,002:18,030:28,1.69,1.68,3.37,12.30,8.82,14.16,7.68,
60906,11/08/2026,05:45:47,54.00,1:30,11:58,000:20,14:44,001:53,030:25,1.72,2.14,3.86,16.74,9.01,18.87,9.23,
60906,11/08/2026,07:10:25,55.00,2:01,12:19,000:21,12:34,009:09,036:24,1.72,1.63,3.35,12.85,8.83,13.18,7.97,
60906,11/08/2026,07:46:49,44.50,1:51,12:39,000:15,12:29,000:32,027:46,1.72,1.66,3.38,13.78,8.45,12.42,8.16,
60906,11/08/2026,08:14:35,53.50,0:55,13:22,000:23,13:32,001:22,029:34,1.72,1.65,3.37,12.85,8.01,18.98,7.50,
60906,11/08/2026,08:44:09,52.00,1:17,12:42,000:18,14:44,000:27,029:28,1.73,2.29,4.02,13.84,9.27,24.07,10.29,
60906,11/08/2026,11:34:55,35.50,1:29,7:43,000:27,8:06,000:00,017:45,1.81,1.73,3.54,30.53,16.82,23.47,13.47,
60906,11/08/2026,11:52:40,52.00,2:16,9:03,000:26,7:59,000:00,019:44,1.82,1.73,3.55,24.45,13.76,29.98,13.74,
60906,11/08/2026,12:12:24,59.50,2:06,10:58,004:29,7:44,002:45,028:02,1.84,1.75,3.59,26.86,13.12,28.17,14.66,
60906,11/08/2026,12:40:26,57.00,2:07,9:33,000:15,6:39,000:00,018:34,1.83,1.74,3.57,25.38,15.03,27.79,16.33,
60906,11/08/2026,12:59:00,55.50,1:47,8:04,000:24,7:36,000:00,017:51,1.83,1.73,3.56,28.06,15.01,34.96,14.31,
60906,11/08/2026,13:16:51,58.00,2:20,8:47,000:15,9:00,000:00,020:22,1.82,1.74,3.56,27.24,15.46,26.75,14.11,
60906,11/08/2026,13:37:13,53.00,2:01,7:32,000:19,8:22,002:30,020:44,1.82,1.78,3.60,26.70,15.49,27.52,14.18,
60906,11/08/2026,13:57:57,61.50,2:04,9:15,001:25,9:28,001:49,024:01,1.96,1.85,3.81,27.74,14.57,27.79,14.84,
60906,11/08/2026,14:21:58,57.00,1:27,7:36,000:30,6:13,006:03,021:49,1.75,1.71,3.46,28.34,16.06,42.89,18.68,
60906,11/08/2026,14:43:47,44.50,1:57,6:34,004:18,3:50,005:53,082:32,1.74,15.23,16.97,32.33,19.50,36.00,14.68,
60906,11/08/2026,19:37:44,51.50,1:16,5:01,000:15,4:33,000:00,011:05,1.55,1.48,3.03,28.89,19.10,35.07,20.11,
60906,11/08/2026,19:48:49,42.50,1:41,4:49,000:19,4:51,001:52,013:32,1.56,1.51,3.07,32.06,20.10,34.68,19.76,
60906,11/08/2026,20:02:21,57.50,1:46,6:54,000:22,5:36,000:57,015:35,1.56,1.53,3.09,30.47,18.04,32.39,17.94,
60906,11/08/2026,20:17:56,57.00,1:15,5:21,000:54,5:32,001:04,014:06,1.56,1.53,3.09,32.50,18.80,31.35,17.86,
60906,11/08/2026,20:32:02,50.50,1:17,4:44,000:15,4:44,000:00,011:00,1.56,1.54,3.10,32.99,20.34,37.26,20.12,
60906,11/08/2026,20:43:02,42.00,1:30,5:45,000:15,5:09,001:16,013:55,1.32,1.30,2.62,29.76,15.07,27.24,15.78,
60906,11/08/2026,20:56:57,54.50,1:18,4:53,000:16,4:55,003:21,014:43,1.33,1.31,2.64,30.53,16.82,31.73,16.59,
60906,11/08/2026,21:11:40,56.00,1:26,4:59,000:15,4:44,000:59,012:23,1.32,1.30,2.62,28.50,16.49,26.37,17.11,
60906,11/08/2026,21:24:03,57.00,1:30,4:41,000:14,4:57,003:01,014:23,1.57,1.52,3.09,33.70,20.73,38.02,19.43,
60906,11/08/2026,21:38:26,37.50,1:03,4:35,000:18,12:40,005:24,024:00,1.46,1.99,3.45,31.35,19.83,25.55,11.09,
60906,11/08/2026,22:57:35,40.00,1:38,4:41,000:14,5:02,001:14,012:49,1.60,1.41,3.01,33.70,21.11,33.10,17.82,
60906,11/08/2026,23:10:24,45.50,1:13,4:45,000:14,4:56,000:00,011:08,1.44,1.41,2.85,28.12,18.71,33.10,18.73,
60906,11/08/2026,23:21:32,54.50,1:06,4:44,000:15,4:41,000:44,011:30,1.56,1.53,3.09,33.43,21.27,33.70,20.36,
60906,11/08/2026,23:33:02,52.00,1:18,5:30,000:16,6:07,001:29,014:40,1.63,1.34,2.97,35.23,18.44,28.06,14.73,
60906,11/08/2026,23:47:42,55.50,1:30,4:28,001:45,4:48,001:11,013:42,1.53,1.50,3.03,35.83,21.34,36.22,19.94,
60906,12/08/2026,00:01:24,57.00,1:47,5:28,000:15,6:58,002:15,016:43,1.50,1.36,2.86,29.60,17.58,31.07,14.43,
60906,12/08/2026,00:18:07,57.00,1:15,4:15,000:14,9:24,004:28,019:36,1.61,1.45,3.06,37.91,23.58,29.93,10.62,
60906,12/08/2026,04:11:42,47.00,1:44,4:58,009:50,14:40,011:28,042:40,0.00,1.60,1.60,0.00,0.00,25.22,8.58,
60906,16/08/2026,14:24:07,58.00,2:45,9:09,000:38,7:58,000:00,020:30,1.44,1.46,2.90,17.94,9.87,25.27,11.45,
60906,16/08/2026,14:44:37,56.00,3:33,8:23,000:18,7:41,000:00,019:55,1.47,1.43,2.90,24.07,11.14,24.56,12.36,
60906,16/08/2026,15:04:32,49.00,2:04,5:55,001:24,10:30,007:19,087:12,1.44,17.12,18.56,27.79,15.38,39.72,15.09,
60906,16/08/2026,21:48:14,59.00,2:15,7:22,000:22,14:47,004:04,028:50,1.44,1.98,3.42,19.96,12.75,25.82,9.50,
60906,16/08/2026,23:14:59,48.00,1:41,8:30,000:17,7:14,001:46,019:28,1.67,1.61,3.28,18.27,12.08,25.98,14.25,
60906,16/08/2026,23:34:27,57.50,2:33,6:42,000:14,7:26,000:00,016:55,1.68,1.62,3.30,27.74,15.80,25.44,14.13,
60906,16/08/2026,23:51:22,57.50,2:24,7:38,000:27,7:25,002:35,020:29,1.68,1.61,3.29,23.85,14.25,26.04,14.60,
60906,17/08/2026,00:11:51,44.00,5:40,7:54,000:24,14:24,009:00,037:22,1.68,2.17,3.85,26.15,13.69,40.65,7.05,
60906,19/08/2026,06:56:55,50.50,1:44,8:30,005:37,5:32,001:42,023:05,1.54,1.50,3.04,28.01,13.40,38.95,17.15,
60906,19/08/2026,07:20:00,47.50,1:42,7:43,000:17,5:44,000:00,015:26,1.47,1.38,2.85,27.30,13.72,40.43,19.58,
60906,19/08/2026,07:35:26,53.00,8:13,6:31,000:31,7:07,000:24,022:46,1.49,1.49,2.98,29.76,16.06,29.76,13.57,
60906,19/08/2026,07:58:12,47.00,1:30,5:24,000:16,5:18,002:03,014:31,1.46,1.40,2.86,31.46,16.86,43.82,17.73,
60906,19/08/2026,08:12:43,30.50,1:13,6:25,001:57,9:52,003:08,022:35,1.53,1.76,3.29,33.81,16.99,47.00,6.91,
60906,20/08/2026,23:38:22,53.50,1:44,5:43,000:15,6:07,000:22,014:11,1.17,1.14,2.31,21.94,13.17,19.58,12.34,
60906,20/08/2026,23:52:33,51.50,1:32,6:11,000:19,7:54,007:01,022:57,1.16,1.17,2.33,17.72,11.63,18.32,9.86,
60906,21/08/2026,00:15:30,58.50,1:26,6:50,000:16,10:28,001:13,020:13,1.16,2.00,3.16,15.64,10.60,18.98,11.50,
60906,21/08/2026,20:51:37,47.00,1:30,6:37,000:14,6:24,000:00,014:45,1.58,1.51,3.09,23.47,14.92,25.93,14.59,
60906,21/08/2026,21:06:22,48.50,2:10,9:11,000:18,6:31,000:00,018:10,1.61,1.50,3.11,24.18,13.20,24.78,14.51,
60906,21/08/2026,21:24:32,56.50,1:31,5:33,000:15,6:00,000:00,013:19,1.55,1.49,3.04,31.35,17.11,32.82,15.33,
60906,21/08/2026,21:37:51,56.50,1:45,7:27,000:53,10:40,007:15,028:00,1.55,1.87,3.42,21.28,13.43,29.32,8.37,
60906,21/08/2026,23:21:30,55.00,1:42,8:52,000:15,9:57,001:06,021:52,1.83,1.73,3.56,22.21,12.62,18.05,12.39,
60906,21/08/2026,23:43:22,59.50,1:20,9:54,006:54,10:36,000:00,028:44,1.80,1.73,3.53,17.67,11.75,15.97,10.05,
60906,22/08/2026,00:12:06,50.50,1:16,8:54,000:16,12:56,004:45,028:07,1.80,2.05,3.85,24.07,13.87,35.01,7.10,
60906,22/08/2026,03:43:06,54.50,2:47,8:34,000:30,14:20,003:27,029:38,1.69,2.12,3.81,22.97,12.26,26.20,10.51,
60906,22/08/2026,04:12:44,54.50,2:16,6:59,000:51,7:26,000:56,018:28,1.53,1.50,3.03,23.63,13.68,26.37,12.95,
60906,22/08/2026,04:31:12,57.50,2:04,7:54,000:26,8:17,005:56,024:37,1.52,1.46,2.98,22.70,12.31,23.31,12.76,
60906,22/08/2026,04:55:49,42.00,1:44,8:21,000:47,9:16,000:14,020:22,1.68,1.66,3.34,20.30,12.53,22.92,12.11,
60906,22/08/2026,05:16:11,46.50,3:02,9:02,000:37,10:06,000:01,022:48,1.68,1.60,3.28,17.72,11.81,17.67,10.29,
60906,22/08/2026,05:38:59,46.50,2:01,9:48,000:20,12:25,002:52,027:26,1.69,2.13,3.82,17.29,10.68,24.01,10.80,
60906,22/08/2026,07:16:44,53.50,2:08,8:07,000:19,8:13,000:33,019:20,1.64,1.59,3.23,21.17,12.38,21.33,12.29,
60906,22/08/2026,07:36:04,55.00,3:14,7:38,000:27,7:33,000:39,019:31,1.65,1.59,3.24,19.91,13.43,23.69,13.64,
60906,22/08/2026,07:55:35,40.50,3:20,8:36,000:20,19:55,008:14,040:25,1.67,2.23,3.90,18.98,12.20,16.79,7.55,
60906,22/08/2026,20:00:01,56.50,2:36,8:42,000:26,10:18,009:21,031:23,1.73,1.73,3.46,24.45,13.08,23.36,10.80,
60906,22/08/2026,20:31:24,53.50,1:45,7:59,000:22,9:38,006:42,026:26,1.79,1.67,3.46,26.04,14.14,23.58,11.27,
60906,22/08/2026,20:57:50,50.50,2:44,6:13,10:25,0:47,019:05,3:14,1.29,16.32,17.61,18.71,12.73,37.31,14.53,
60906,26/08/2026,11:18:40,48.50,3:14,6:22,012:16,10:23,003:40,035:55,0.08,1.02,1.10,8.64,3.85,25.00,8.74,
60906,26/08/2026,23:07:34,59.00,1:44,1:59,000:41,20:20,001:40,026:24,0.20,3.79,3.99,17.67,8.88,30.69,14.43,
60906,26/08/2026,23:33:58,50.50,1:52,5:49,000:16,6:07,001:37,015:41,1.74,1.73,3.47,29.32,18.48,27.14,17.50,
60906,26/08/2026,23:49:39,56.00,1:17,6:35,001:03,7:50,000:03,016:48,1.75,1.71,3.46,30.63,16.84,24.78,14.13,
60906,27/08/2026,00:06:27,59.00,1:11,8:25,000:42,15:57,002:07,028:22,1.71,2.21,3.92,20.46,12.68,43.66,12.59,
60906,27/08/2026,03:37:41,44.00,1:05,6:09,000:18,5:25,000:00,012:57,1.75,1.60,3.35,30.53,18.79,44.37,18.73,
60906,27/08/2026,03:50:38,44.00,1:53,5:22,000:15,6:15,000:00,013:45,1.69,1.64,3.33,31.57,19.98,38.90,19.96,
60906,27/08/2026,04:04:23,44.50,1:49,5:41,000:17,4:56,000:47,013:30,1.68,1.65,3.33,37.47,20.15,40.10,21.35,
60906,27/08/2026,04:17:53,57.50,1:19,5:29,000:17,4:42,000:00,011:47,1.75,1.63,3.38,35.51,20.20,45.03,21.24,
60906,27/08/2026,04:29:40,49.50,1:31,5:23,000:14,5:06,000:00,012:14,1.68,1.62,3.30,32.17,19.42,37.15,19.89,
60906,27/08/2026,04:41:54,50.00,1:57,4:28,000:17,6:07,005:00,017:49,1.68,1.64,3.32,42.45,23.23,41.91,20.24,
60906,27/08/2026,04:59:43,51.00,1:42,4:45,000:13,4:32,000:00,011:12,1.66,1.58,3.24,39.34,22.39,44.26,24.05,
60906,27/08/2026,05:10:55,36.50,1:26,4:54,000:18,4:43,002:24,013:45,1.61,1.58,3.19,43.61,21.43,46.67,21.90,
60906,27/08/2026,05:24:40,47.50,1:30,5:28,000:35,5:37,002:05,015:15,1.62,1.56,3.18,30.97,20.39,29.43,17.36,
60906,27/08/2026,05:39:55,59.50,1:36,5:55,000:32,9:08,000:01,017:12,1.63,2.10,3.73,35.78,18.92,26.37,13.39,
60906,27/08/2026,06:58:24,52.50,1:20,9:35,004:24,5:57,002:56,024:12,1.74,1.60,3.34,30.80,15.65,36.11,18.40,
60906,27/08/2026,07:22:36,48.50,1:58,5:44,000:17,5:06,000:00,013:05,1.69,1.68,3.37,31.35,18.36,36.93,20.54,
60906,27/08/2026,07:35:41,40.50,0:46,5:30,000:14,4:30,000:02,011:02,1.70,1.60,3.30,32.06,20.29,42.62,22.17,
60906,27/08/2026,07:46:43,51.50,1:21,6:49,000:22,4:34,000:00,013:06,1.64,1.63,3.27,32.61,19.30,38.46,22.00,
60906,27/08/2026,07:59:49,50.00,1:00,5:08,000:24,3:42,000:00,010:14,1.67,1.59,3.26,33.81,20.53,42.18,26.28,
60906,27/08/2026,08:10:03,57.00,2:08,5:26,000:25,10:46,015:59,034:44,1.72,1.93,3.65,38.35,20.24,53.51,8.00,
60906,28/08/2026,19:47:04,52.50,2:18,6:53,002:50,6:13,000:00,018:14,1.64,1.62,3.26,27.57,14.89,25.00,15.85,
60906,28/08/2026,20:05:18,59.50,2:24,6:38,061:43,3:37,032:11,22:33,1.66,17.32,18.98,26.80,15.87,42.07,11.27,
60906,31/08/2026,20:12:52,58.50,1:25,7:38,018:31,8:20,003:56,039:50,1.53,1.48,3.01,24.13,13.15,26.31,11.45,
60906,31/08/2026,20:52:42,58.00,1:28,7:06,001:17,6:48,007:30,024:09,1.53,1.48,3.01,26.80,13.76,32.22,14.41,
60906,31/08/2026,21:16:51,52.50,2:57,6:15,001:24,5:55,002:55,019:26,1.48,1.43,2.91,27.46,14.77,39.88,15.09,
60906,31/08/2026,21:36:17,36.50,1:32,5:20,000:14,18:44,014:22,040:12,1.31,2.52,3.83,24.29,15.14,23.69,7.04,
60906,31/08/2026,23:16:34,38.50,1:36,0:46,000:09,3:57,007:07,013:35,0.05,0.34,0.39,9.68,6.13,14.66,6.81,
60906,31/08/2026,23:30:09,58.50,1:35,16:58,005:18,3:10,004:27,079:28,1.38,7.96,9.34,21.22,2.35,32.88,10.54,
60907,20/07/2026,07:12:38,60.50,2:22,7:07,000:21,6:47,000:00,016:37,1.85,1.85,3.70,26.92,16.14,32.44,17.44,
60907,20/07/2026,07:29:37,67.00,2:25,7:27,000:21,6:58,000:00,017:11,1.84,1.86,3.70,26.37,15.37,27.30,16.67,
60907,20/07/2026,07:46:48,64.00,2:36,7:19,000:23,6:56,000:00,017:14,1.84,1.88,3.72,27.14,15.86,28.39,17.08,
60907,20/07/2026,08:04:02,56.00,3:11,7:23,000:22,7:05,000:52,018:53,1.85,1.86,3.71,24.89,15.65,30.15,16.79,
60907,20/07/2026,08:22:55,67.00,3:07,7:16,000:19,6:51,000:00,017:33,1.86,1.91,3.77,27.57,15.97,33.26,17.37,
60907,20/07/2026,08:40:28,63.50,3:29,9:40,001:19,7:16,000:00,021:44,2.15,1.79,3.94,26.92,14.77,30.69,16.35,
60907,20/07/2026,09:02:12,66.00,5:31,8:39,005:55,13:14,000:11,033:30,1.84,2.11,3.95,24.13,13.55,22.32,10.93,
60907,20/07/2026,10:36:50,61.00,2:06,0:39,021:04,21:11,014:37,083:37,4.01,1.30,5.31,24.67,11.32,17.89,6.75,
60907,24/07/2026,06:24:44,55.00,1:52,6:59,000:17,7:29,000:00,016:37,1.64,1.63,3.27,22.65,14.74,30.36,15.84,
60907,24/07/2026,06:41:39,41.50,2:04,1:16,000:39,2:27,002:22,008:48,0.00,0.07,0.07,0.00,0.00,8.04,4.05,
60907,24/07/2026,06:50:27,45.50,1:53,5:54,000:18,6:37,000:01,014:43,1.72,1.69,3.41,30.63,18.09,34.96,17.91,
60907,24/07/2026,07:05:27,46.50,1:56,6:28,000:17,6:32,000:00,015:13,1.69,1.67,3.36,24.89,16.46,25.66,15.84,
60907,24/07/2026,07:20:40,53.00,2:27,6:11,000:18,6:20,000:01,015:17,1.73,1.71,3.44,28.28,17.63,26.64,16.77,
60907,24/07/2026,07:35:57,57.00,2:25,6:01,000:14,5:55,000:00,014:35,1.66,1.62,3.28,27.68,17.27,26.31,17.26,
60907,24/07/2026,07:50:32,61.50,2:03,5:55,000:16,6:36,001:37,016:27,1.71,1.68,3.39,27.74,18.06,27.19,16.20,
60907,24/07/2026,08:06:59,58.00,1:42,6:14,000:16,6:19,000:01,014:32,1.71,1.70,3.41,26.53,17.28,27.35,16.83,
60907,24/07/2026,08:21:31,49.50,1:55,6:01,000:17,6:08,000:01,014:22,1.71,1.71,3.42,27.41,17.63,27.57,17.32,
60907,24/07/2026,08:35:53,60.50,1:55,6:46,000:15,9:05,025:00,043:01,1.75,1.71,3.46,28.06,15.97,27.30,12.20,
60907,24/07/2026,09:18:54,55.50,2:02,7:10,000:16,7:18,000:01,016:47,1.72,1.70,3.42,23.58,14.88,28.01,14.98,
60907,24/07/2026,09:35:41,54.00,2:26,6:26,000:16,5:42,000:00,014:50,1.64,1.62,3.26,24.23,16.56,31.40,17.73,
60907,24/07/2026,09:50:31,65.50,2:58,6:35,001:56,4:16,002:17,078:02,1.65,15.65,17.30,24.40,15.59,39.66,15.93,
60907,25/07/2026,08:56:21,54.00,1:33,7:37,000:21,6:40,000:01,016:12,1.83,1.81,3.64,24.18,15.41,27.14,16.76,
60907,25/07/2026,09:12:33,62.50,1:59,8:07,000:19,13:26,001:07,024:58,1.81,2.63,4.44,25.16,13.89,26.15,12.36,
60907,25/07/2026,10:32:28,65.00,1:47,7:27,000:20,6:45,000:00,016:19,1.82,1.81,3.63,25.33,15.28,25.27,16.50,
60907,25/07/2026,10:48:47,65.50,2:03,6:39,000:17,10:15,005:58,025:12,1.80,2.08,3.88,25.27,17.01,29.16,13.78,
60907,25/07/2026,11:13:59,66.50,1:59,10:45,000:18,17:11,016:32,046:45,1.60,2.16,3.76,13.78,9.15,23.14,9.33,
60907,25/07/2026,12:00:44,67.00,1:54,5:41,000:15,10:14,003:05,069:09,1.63,15.67,17.30,28.78,18.14,47.93,12.89,
60907,26/07/2026,08:45:08,48.50,1:30,5:51,000:35,6:16,000:00,014:12,1.79,1.75,3.54,27.19,19.02,26.97,17.21,
60907,26/07/2026,08:59:20,54.50,1:33,6:00,000:21,6:26,001:59,016:19,1.73,1.68,3.41,25.93,18.03,27.02,16.22,
60907,26/07/2026,09:15:39,63.50,1:49,6:22,000:16,6:59,002:18,017:44,1.73,1.67,3.40,27.74,16.73,27.41,16.38,
60907,26/07/2026,09:33:23,52.50,1:48,3:11,000:19,11:06,004:23,020:47,0.66,1.53,2.19,24.62,14.74,24.78,9.38,
60907,26/07/2026,10:45:38,63.50,1:53,6:09,000:15,7:12,000:58,016:27,1.79,1.78,3.57,30.47,18.48,34.58,16.69,
60907,26/07/2026,11:02:05,64.00,2:02,5:51,000:19,6:42,001:19,016:13,1.80,1.76,3.56,27.74,19.30,31.18,17.85,
60907,26/07/2026,11:18:41,59.50,2:05,5:40,000:19,6:45,002:23,017:12,1.83,1.81,3.64,28.23,19.90,32.17,17.46,
60907,26/07/2026,11:36:15,50.50,1:53,5:47,000:13,7:28,000:00,015:21,1.84,1.82,3.66,29.60,19.44,28.39,16.98,
60907,26/07/2026,11:51:36,40.50,1:30,5:26,000:12,4:29,000:00,011:37,1.78,1.53,3.31,30.42,20.03,42.29,21.50,
60907,26/07/2026,12:03:13,55.50,1:00,7:21,000:32,6:24,000:34,015:51,1.83,1.82,3.65,24.34,15.82,27.19,17.53,
60907,26/07/2026,15:51:17,64.50,2:16,6:40,000:30,6:21,000:00,015:47,1.87,1.81,3.68,26.04,18.23,29.32,18.13,
60907,26/07/2026,16:07:04,63.50,2:49,6:22,000:17,5:42,000:05,015:15,1.83,1.49,3.32,26.64,18.23,28.01,17.32,
60907,26/07/2026,16:22:19,55.00,1:36,6:18,000:30,9:40,003:14,021:18,1.53,2.23,3.76,27.68,15.99,25.22,14.93,
60907,26/07/2026,16:43:37,56.00,1:53,6:33,000:25,6:20,002:53,018:04,1.82,1.83,3.65,27.84,17.38,28.61,17.89,
60907,26/07/2026,17:01:41,59.00,2:45,6:07,000:57,6:56,000:00,016:45,1.84,1.81,3.65,26.26,19.07,27.90,16.68,
60907,26/07/2026,17:18:26,69.00,2:46,6:18,000:38,14:06,008:26,032:14,1.84,2.83,4.67,26.15,18.12,27.14,12.97,
60907,26/07/2026,18:50:12,58.50,1:15,7:36,001:36,6:21,000:00,016:48,1.75,1.79,3.54,21.99,14.46,26.04,17.29,
60907,26/07/2026,19:07:00,48.00,2:30,6:51,000:23,6:40,001:41,018:05,1.83,1.81,3.64,25.66,16.60,27.08,16.77,
60907,26/07/2026,19:25:05,63.00,1:24,6:59,000:17,0:35,034:40,7:55,1.85,16.65,18.50,34.14,19.20,32.44,13.58,
60907,30/07/2026,10:48:07,31.00,1:11,4:16,000:19,4:35,000:00,010:21,1.25,1.26,2.51,26.64,18.28,26.10,17.12,
60907,30/07/2026,10:58:28,35.50,0:38,4:08,000:16,5:14,000:29,010:45,1.24,1.23,2.47,26.80,18.83,31.73,15.88,
60907,30/07/2026,11:09:13,35.50,0:56,3:50,000:19,5:05,000:11,010:21,1.24,1.21,2.45,28.56,20.29,27.02,17.00,
60907,30/07/2026,11:19:34,39.00,0:59,3:44,000:23,4:13,000:49,010:08,1.17,1.14,2.31,26.59,19.59,27.90,17.34,
60907,30/07/2026,11:29:42,43.50,1:24,3:47,000:16,6:42,002:30,014:39,1.16,1.18,2.34,27.74,19.39,27.84,13.21,
60907,30/07/2026,11:44:21,36.00,0:46,3:39,001:16,4:29,000:00,010:10,1.16,1.17,2.33,29.43,19.68,32.22,18.24,
60907,30/07/2026,11:54:31,43.50,0:46,2:51,000:21,8:09,000:04,012:11,1.15,1.60,2.75,39.34,26.53,54.22,16.75,
60907,30/07/2026,16:41:39,45.00,21:56,5:28,000:15,6:04,000:41,10:24,1.79,1.77,3.56,29.60,20.26,32.61,19.93,
60907,31/07/2026,07:40:17,48.00,1:36,5:39,001:41,11:34,010:06,030:36,1.76,2.47,4.23,31.18,19.47,28.56,13.97,
60907,31/07/2026,15:22:35,54.50,2:31,6:26,000:19,6:55,002:05,018:16,1.75,1.72,3.47,23.79,16.99,24.78,16.09,
60907,31/07/2026,15:40:51,58.00,2:06,6:45,000:24,6:05,000:00,015:20,1.79,1.76,3.55,25.71,16.94,26.37,17.70,
60907,31/07/2026,15:56:11,52.00,1:28,6:18,000:23,7:03,003:39,018:51,1.77,1.79,3.56,26.15,17.61,27.68,16.67,
60907,31/07/2026,16:15:02,57.00,2:05,6:11,000:24,6:11,000:00,014:51,1.81,1.77,3.58,25.77,18.74,26.97,18.16,
60907,31/07/2026,16:29:53,58.00,2:18,6:19,000:27,6:05,000:00,015:09,1.81,1.79,3.60,26.86,18.04,26.70,17.91,
60907,31/07/2026,16:45:02,63.00,2:28,5:57,000:28,6:05,000:00,014:58,1.79,1.77,3.56,25.93,18.59,26.26,17.85,
60907,31/07/2026,17:00:00,62.00,2:32,6:06,000:27,6:07,000:00,015:12,1.75,1.72,3.47,26.75,17.85,28.06,17.30,
60907,31/07/2026,17:15:12,60.00,2:04,7:28,000:23,13:54,001:07,024:56,1.79,2.63,4.42,25.44,15.58,26.04,11.88,
60907,31/07/2026,18:40:15,56.00,1:30,6:37,000:18,8:29,002:38,019:32,1.79,1.79,3.58,25.05,16.85,25.60,13.71,
60907,31/07/2026,18:59:47,55.50,2:16,6:54,000:31,7:01,001:40,018:22,1.79,1.77,3.56,24.51,16.09,26.31,15.66,
60907,31/07/2026,19:18:09,67.50,2:08,6:42,000:22,7:18,000:06,016:36,1.79,1.75,3.54,24.95,16.45,23.58,14.69,
60907,31/07/2026,19:34:45,66.50,2:10,7:33,000:25,7:19,001:50,019:17,1.78,1.77,3.55,23.31,14.54,25.93,15.30,
60907,31/07/2026,19:54:02,32.00,1:41,5:01,000:16,12:59,008:04,028:01,1.49,2.15,3.64,32.50,19.00,36.98,13.20,
60907,31/07/2026,23:10:46,53.00,1:25,8:26,000:19,7:47,001:50,019:47,1.76,1.74,3.50,19.91,13.03,27.79,14.11,
60907,31/07/2026,23:30:33,48.50,1:30,9:19,000:27,7:34,000:00,018:50,1.79,1.72,3.51,24.51,12.57,25.77,14.24,
60907,31/07/2026,23:49:23,44.00,1:37,9:52,000:22,8:01,000:00,019:52,1.78,1.77,3.55,20.24,11.35,27.30,13.83,
60907,01/08/2026,00:09:15,35.00,1:26,8:54,002:21,7:17,002:16,022:14,1.74,1.71,3.45,22.70,12.86,27.19,15.25,
60907,01/08/2026,00:31:29,48.00,1:37,7:42,000:23,6:32,000:00,016:14,1.77,1.77,3.54,28.23,14.62,33.86,17.12,
60907,01/08/2026,00:47:43,51.00,1:48,7:48,000:20,7:25,001:43,019:04,1.77,1.76,3.53,22.70,14.32,33.98,15.08,
60907,01/08/2026,01:06:47,62.00,1:31,7:18,000:17,11:21,000:00,020:27,1.82,1.74,3.56,25.82,15.72,18.32,9.61,
60907,01/08/2026,02:46:20,50.00,1:33,8:52,000:20,7:09,000:00,017:54,1.76,1.73,3.49,19.91,12.38,25.77,14.99,
60907,01/08/2026,03:04:14,59.00,1:59,8:24,000:19,8:15,000:00,018:57,1.76,1.75,3.51,20.57,13.25,19.04,13.14,
60907,01/08/2026,03:23:11,58.50,2:47,11:15,000:27,7:16,016:40,098:25,1.77,17.54,19.31,16.41,9.88,40.76,17.29,
60907,01/08/2026,11:12:30,61.50,1:37,5:09,000:33,5:08,003:07,015:34,1.04,0.99,2.03,31.73,13.81,24.78,12.18,
60907,01/08/2026,11:28:04,54.50,1:30,6:37,000:18,4:46,000:00,013:11,1.04,0.97,2.01,27.52,11.84,26.92,13.99,
60907,01/08/2026,11:41:15,57.00,1:35,5:12,000:30,4:00,000:34,011:51,1.05,1.01,2.06,32.61,14.09,28.99,16.03,
60907,01/08/2026,11:53:06,56.50,1:32,4:41,000:28,5:57,002:05,074:43,1.05,14.21,15.26,32.77,15.17,47.10,14.64,
60907,02/08/2026,07:26:05,46.00,3:15,5:20,000:17,4:08,000:00,013:00,1.25,1.22,2.47,28.56,15.39,30.47,18.42,
60907,02/08/2026,07:39:05,60.00,3:10,4:05,000:17,5:41,000:00,013:13,1.23,1.31,2.54,29.16,19.05,27.90,15.10,
60907,02/08/2026,07:52:18,65.50,2:15,4:47,004:16,6:13,000:50,018:21,1.23,1.26,2.49,30.91,17.56,32.17,14.21,
60907,02/08/2026,08:12:33,65.50,2:36,5:43,000:21,4:41,000:02,013:23,1.25,1.23,2.48,28.89,15.82,25.22,16.51,
60907,02/08/2026,08:25:56,57.00,2:11,4:38,000:17,5:31,016:50,029:27,1.25,1.25,2.50,31.89,18.24,29.81,14.86,
60907,02/08/2026,08:55:23,63.00,1:45,5:07,000:16,4:19,003:55,015:22,1.26,1.23,2.49,30.09,17.53,30.69,19.12,
60907,02/08/2026,09:10:45,47.00,2:03,4:54,000:16,8:32,009:45,025:30,1.28,1.96,3.24,29.81,16.85,32.17,14.89,
60907,02/08/2026,10:44:12,62.50,1:28,4:37,000:21,4:14,000:01,010:41,1.27,1.17,2.44,28.06,17.55,32.17,17.41,
60907,02/08/2026,10:54:53,55.00,1:59,4:06,002:22,4:45,004:15,017:27,1.27,1.24,2.51,33.48,22.38,32.28,17.81,
60907,02/08/2026,11:13:14,57.50,1:32,4:22,000:15,4:14,000:02,010:25,1.36,1.31,2.67,33.26,19.58,33.76,20.78,
60907,02/08/2026,11:25:31,60.50,1:47,5:16,000:18,4:29,000:00,011:50,1.35,1.24,2.59,29.43,16.05,34.96,17.28,
60907,02/08/2026,11:37:21,56.00,2:01,4:15,000:26,4:14,001:36,012:32,1.35,1.24,2.59,33.10,19.91,37.53,18.96,
60907,02/08/2026,11:49:53,48.00,1:51,5:59,000:16,20:48,000:20,053:14,1.33,14.79,16.12,24.51,15.05,47.22,20.64,
60907,02/08/2026,15:04:46,63.50,7:43,5:50,000:29,5:29,000:01,019:32,1.84,1.64,3.48,30.69,20.43,46.62,24.28,
60907,02/08/2026,15:25:28,51.50,2:20,5:50,000:24,4:10,000:00,012:44,1.16,1.13,2.29,33.32,13.78,41.91,17.47,
60907,02/08/2026,15:38:12,42.50,1:50,4:41,000:18,5:34,000:03,012:26,1.13,1.12,2.25,32.61,15.21,34.30,14.19,
60907,02/08/2026,15:50:38,59.00,2:30,7:01,000:36,4:39,000:00,014:46,1.39,1.34,2.73,30.80,14.69,37.59,18.05,
60907,02/08/2026,16:05:24,52.00,3:01,7:16,002:20,4:46,000:00,017:23,1.43,1.37,2.80,30.80,13.91,40.21,17.99,
60907,02/08/2026,16:22:47,53.50,2:33,6:51,000:55,13:24,005:02,052:45,1.40,7.47,8.87,31.51,13.78,37.97,15.70,
60907,04/08/2026,07:48:24,58.00,1:38,6:45,000:13,9:02,002:03,019:41,1.08,1.64,2.72,21.61,10.86,25.60,13.12,
60907,04/08/2026,08:09:26,47.50,0:28,2:10,000:47,12:17,001:39,017:21,0.04,1.97,2.01,4.92,3.27,28.89,11.05,
60907,04/08/2026,14:40:08,57.00,2:22,5:36,000:34,5:18,000:00,037:50,1.63,1.59,3.22,32.99,19.78,30.80,18.91,
60907,05/08/2026,15:17:58,57.00,1:19,5:35,000:15,5:42,000:00,012:51,1.62,1.58,3.20,30.09,18.39,35.18,18.28,
60907,05/08/2026,15:31:02,57.00,1:33,5:12,000:26,5:18,000:00,012:29,1.61,1.60,3.21,30.63,20.11,34.08,19.46,
60907,05/08/2026,15:43:37,55.00,1:39,4:48,000:14,4:19,000:02,011:02,1.66,1.63,3.29,32.94,21.58,41.25,24.41,
60907,05/08/2026,15:54:39,53.00,1:37,4:32,000:15,3:58,000:44,011:06,1.64,1.62,3.26,39.78,22.23,46.56,25.90,
60907,05/08/2026,16:05:45,63.00,1:30,4:56,000:16,4:02,000:00,010:44,1.66,1.55,3.21,30.47,20.83,46.89,23.62,
60907,05/08/2026,16:16:29,60.00,1:58,4:27,000:14,5:04,000:04,011:47,1.57,1.61,3.18,34.25,22.66,46.78,22.79,
60907,05/08/2026,16:30:15,50.50,1:35,4:11,000:14,4:49,001:09,011:58,1.65,1.61,3.26,37.80,24.51,50.01,23.53,
60907,05/08/2026,16:42:21,57.00,1:43,4:48,000:12,4:20,000:18,011:21,1.65,1.60,3.25,38.35,21.72,47.16,23.96,
60907,05/08/2026,16:53:42,52.50,1:39,6:20,000:17,10:18,006:19,024:53,1.68,2.43,4.11,26.64,16.42,43.88,14.97,
60907,05/08/2026,17:18:35,56.00,0:56,8:08,001:08,8:51,001:34,020:37,1.76,1.37,3.13,33.54,14.62,23.36,9.98,
60907,05/08/2026,18:37:01,50.50,1:16,6:46,000:17,6:11,000:17,014:47,1.65,1.62,3.27,26.10,15.12,26.75,16.36,
60907,05/08/2026,18:51:48,51.00,1:59,6:18,000:21,5:44,000:00,014:22,1.65,1.64,3.29,27.74,16.25,31.68,18.04,
60907,05/08/2026,19:06:21,53.00,1:38,5:58,000:17,5:55,000:00,013:48,1.64,1.61,3.25,29.71,17.17,29.10,17.21,
60907,05/08/2026,19:20:09,33.50,0:54,7:18,000:19,7:31,000:44,016:46,1.66,1.64,3.30,26.20,14.01,24.23,13.61,
60907,05/08/2026,19:36:55,50.00,1:20,8:00,000:24,11:39,005:27,026:50,1.67,1.71,3.38,26.86,12.95,28.45,9.78,
60907,06/08/2026,10:04:44,48.50,1:09,5:29,000:18,5:51,000:00,012:47,1.76,1.67,3.43,28.17,19.92,27.90,18.05,
60907,06/08/2026,10:17:31,56.50,1:41,5:07,000:14,5:46,000:35,013:23,1.73,1.65,3.38,32.72,20.79,37.59,18.85,
60907,06/08/2026,10:31:12,56.00,1:36,5:34,000:20,6:39,000:45,014:54,1.72,1.67,3.39,28.61,19.28,28.01,16.12,
60907,06/08/2026,10:46:06,68.00,1:56,6:38,000:23,7:46,000:00,016:43,1.74,1.67,3.41,30.20,16.27,26.37,13.58,
60907,06/08/2026,11:02:49,63.00,1:46,6:43,000:16,7:25,000:00,016:10,1.73,1.67,3.40,27.96,16.31,26.20,14.98,
60907,06/08/2026,11:18:59,69.50,2:14,6:21,000:24,5:30,000:03,014:32,1.74,1.67,3.41,31.18,17.06,32.88,20.00,
60907,06/08/2026,11:33:47,65.50,2:04,6:32,001:36,15:12,020:41,10:05,1.75,15.72,17.47,28.67,17.05,33.26,13.67,
60907,09/08/2026,16:08:05,62.50,1:30,8:49,000:17,7:37,003:26,021:39,1.74,1.64,3.38,20.95,12.84,24.01,13.81,
60907,09/08/2026,16:29:44,63.00,1:46,8:33,003:14,8:30,002:29,024:32,1.72,1.62,3.34,21.00,12.99,22.10,13.38,
60907,09/08/2026,16:54:16,59.50,1:28,8:27,000:15,8:13,004:25,022:48,1.74,1.60,3.34,18.87,13.08,19.14,12.58,
60907,09/08/2026,17:17:04,61.00,1:30,8:24,000:21,12:42,007:16,030:13,1.71,2.09,3.80,17.67,12.78,22.15,10.54,
60907,09/08/2026,19:17:06,60.00,1:22,8:34,000:19,8:53,000:00,019:08,1.72,1.66,3.38,18.21,12.41,17.34,11.51,
60907,09/08/2026,19:36:14,67.00,1:34,11:12,001:56,15:07,002:33,032:22,1.74,1.94,3.68,14.11,9.84,26.10,8.83,
60907,10/08/2026,01:39:12,55.00,1:25,6:30,000:18,6:53,001:05,016:11,1.73,1.63,3.36,29.21,17.35,31.40,15.31,
60907,10/08/2026,01:55:23,68.00,1:27,7:55,000:16,8:01,000:04,017:43,1.73,1.60,3.33,23.25,14.29,32.72,14.29,
60907,10/08/2026,02:13:36,62.00,0:40,8:00,000:52,5:36,022:03,097:11,1.73,15.28,17.01,25.00,15.52,35.94,14.83,
60907,10/08/2026,07:43:10,65.00,1:06,6:27,000:23,6:53,000:00,014:49,1.73,1.66,3.39,25.82,16.82,27.79,16.03,
60907,10/08/2026,07:57:59,68.00,1:22,7:29,000:23,5:37,000:00,014:51,1.71,1.63,3.34,28.39,14.66,29.65,17.74,
60907,10/08/2026,08:12:50,55.00,1:41,6:03,000:28,5:33,000:00,013:45,1.71,1.61,3.32,25.22,17.58,28.06,18.21,
60907,10/08/2026,08:26:35,64.00,1:27,5:55,001:06,6:57,001:40,017:05,1.72,1.67,3.39,25.93,18.25,27.90,15.01,
60907,10/08/2026,08:43:40,59.00,1:11,6:12,000:23,5:45,000:00,013:31,1.75,1.65,3.40,26.42,17.53,27.02,17.56,
60907,10/08/2026,08:57:11,62.50,1:18,6:42,000:26,7:34,000:00,016:00,1.78,1.66,3.44,23.19,16.41,28.12,13.83,
60907,10/08/2026,09:13:11,53.00,1:32,6:18,000:34,14:56,007:38,030:58,1.68,2.13,3.81,23.36,16.59,23.63,9.34,
60907,10/08/2026,10:44:33,54.50,1:09,6:29,000:27,6:43,000:00,014:48,1.78,1.74,3.52,25.71,17.06,24.34,15.84,
60907,10/08/2026,10:59:21,62.50,1:28,6:17,000:28,6:24,000:00,014:37,1.76,1.72,3.48,25.49,17.39,26.48,16.46,
60907,10/08/2026,11:13:58,58.50,1:25,5:39,000:36,6:22,004:26,018:28,1.78,1.70,3.48,28.01,19.73,26.26,17.02,
60907,10/08/2026,11:32:26,58.50,1:40,6:26,000:39,6:45,000:07,015:37,1.76,1.72,3.48,25.05,17.04,25.00,16.07,
60907,10/08/2026,11:48:03,57.00,1:23,4:57,000:27,11:54,005:09,023:50,1.62,1.56,3.18,30.09,20.34,33.59,8.29,
60907,10/08/2026,15:17:36,59.50,1:38,8:54,000:14,13:22,000:00,024:08,1.70,1.72,3.42,18.71,11.71,15.92,8.10,
60907,10/08/2026,15:41:44,63.50,1:21,11:56,000:15,11:07,000:00,024:39,1.71,1.68,3.39,14.38,8.90,15.31,9.28,
60907,10/08/2026,16:06:23,67.00,1:44,10:28,000:13,10:35,001:02,024:02,1.70,1.69,3.39,17.39,10.03,19.09,10.06,
60907,10/08/2026,16:30:25,50.50,2:24,10:31,000:27,11:29,000:00,024:51,1.69,1.67,3.36,14.33,9.86,16.41,9.12,
60907,10/08/2026,16:55:16,54.50,2:03,9:35,000:14,9:57,001:57,023:46,1.71,1.67,3.38,19.80,11.05,18.27,10.43,
60907,10/08/2026,17:19:02,60.50,1:51,8:32,000:14,15:09,001:53,027:39,1.69,2.13,3.82,18.27,12.18,20.84,8.96,
60907,10/08/2026,18:47:53,48.00,1:59,11:39,000:16,11:19,000:00,025:13,1.71,1.67,3.38,15.48,8.96,14.16,9.07,
60907,10/08/2026,19:13:06,53.00,2:40,10:46,000:54,10:29,000:00,024:49,1.72,1.68,3.40,19.36,10.04,19.75,10.10,
60907,10/08/2026,19:37:55,62.00,2:47,8:51,000:15,8:01,000:00,019:54,1.73,1.68,3.41,21.06,12.23,26.42,13.14,
60907,10/08/2026,19:57:49,46.50,1:54,12:40,000:18,13:09,005:18,033:19,1.71,1.88,3.59,26.20,8.65,27.41,9.31,
60907,10/08/2026,20:31:08,36.00,1:03,9:08,7:09,19:55,022:55,18:04,1.57,15.06,16.63,34.19,14.09,40.32,12.31,
60907,12/08/2026,15:56:31,51.50,1:16,8:39,000:19,7:26,001:03,018:43,1.76,1.56,3.32,21.17,12.55,25.49,13.69,
60907,12/08/2026,16:15:14,44.00,2:59,7:05,002:08,5:47,000:00,017:59,1.62,1.58,3.20,24.07,14.93,25.82,16.81,
60907,12/08/2026,16:33:13,54.50,1:24,6:25,000:22,6:24,000:00,014:35,1.53,1.54,3.07,26.75,15.24,26.15,15.45,
60907,12/08/2026,16:47:48,52.50,1:40,6:18,000:16,7:24,000:09,015:47,1.60,1.58,3.18,28.61,16.46,26.80,15.25,
60907,12/08/2026,17:03:35,58.50,2:01,7:11,000:14,6:57,000:00,016:23,1.62,1.57,3.19,25.60,14.36,33.64,16.50,
60907,12/08/2026,17:21:21,60.50,1:29,6:50,000:19,11:03,000:00,019:41,1.61,2.13,3.74,23.36,15.01,24.56,12.66,
60907,13/08/2026,00:01:58,56.50,1:42,6:11,000:16,6:14,000:05,014:28,1.59,1.24,2.83,25.66,15.93,20.30,12.47,
60907,13/08/2026,00:16:26,55.00,1:21,6:28,000:17,6:01,000:00,014:07,1.27,1.22,2.49,21.77,14.22,22.81,14.25,
60907,13/08/2026,00:30:33,49.00,1:55,5:30,000:17,6:01,001:35,015:18,1.27,1.22,2.49,20.79,14.44,22.15,12.72,
60907,13/08/2026,00:45:51,56.50,1:38,6:40,000:15,6:33,000:00,015:06,1.29,1.23,2.52,20.57,12.38,23.03,12.29,
60907,13/08/2026,01:00:57,54.00,1:37,7:05,001:59,9:28,000:04,020:13,1.30,1.24,2.54,18.87,11.73,21.06,10.16,
60907,13/08/2026,01:21:10,60.50,1:37,5:47,000:15,5:44,000:01,013:24,1.30,1.24,2.54,22.81,13.97,21.44,13.48,
60907,13/08/2026,01:34:34,53.50,1:58,7:14,000:15,8:19,000:01,017:47,1.28,1.22,2.50,18.93,12.01,17.07,10.44,
60907,13/08/2026,01:52:21,55.00,1:35,5:55,000:15,9:32,000:04,017:21,1.29,1.24,2.53,20.24,13.40,15.70,9.65,
60907,13/08/2026,02:09:42,64.50,2:39,10:59,001:58,9:29,014:59,088:04,1.60,14.79,16.39,16.41,9.61,30.63,16.04,
60907,13/08/2026,07:32:06,68.50,1:16,6:51,000:17,6:04,002:24,016:52,1.80,1.44,3.24,26.31,16.15,23.96,14.87,
60907,13/08/2026,07:48:58,57.00,1:03,5:44,000:15,8:37,000:25,016:04,1.71,1.66,3.37,30.97,18.46,25.49,13.04,
60907,13/08/2026,08:05:35,67.50,2:09,6:11,000:17,6:32,000:00,015:09,1.74,1.70,3.44,28.39,17.30,26.86,15.96,
60907,13/08/2026,08:20:44,63.50,1:30,6:44,000:16,5:10,000:56,014:36,1.80,1.45,3.25,26.31,16.44,29.93,17.36,
60907,13/08/2026,08:35:20,62.50,1:47,5:39,000:15,7:43,001:16,016:40,1.73,1.68,3.41,29.87,18.80,34.14,14.31,
60907,13/08/2026,08:52:08,60.00,1:03,5:31,000:16,7:19,003:22,017:31,1.75,1.70,3.45,32.00,19.69,28.94,15.05,
60907,13/08/2026,09:09:39,69.00,1:33,6:21,018:43,10:30,000:00,037:07,1.78,1.73,3.51,28.67,17.20,25.82,11.66,
60907,13/08/2026,09:47:25,61.50,1:45,5:39,000:15,7:40,000:15,015:34,1.74,1.71,3.45,31.13,19.07,26.31,15.12,
60907,13/08/2026,10:03:24,62.00,1:28,6:35,000:50,11:18,000:47,020:58,1.84,1.61,3.45,29.76,18.44,26.70,10.77,
60907,15/08/2026,11:32:08,55.00,1:19,6:13,001:21,13:42,001:45,084:20,1.54,15.72,17.26,33.59,19.29,40.43,13.93,
60907,16/08/2026,17:07:38,46.50,1:50,5:27,000:26,11:08,003:19,022:10,1.25,1.50,2.75,24.07,14.40,22.26,10.90,
60907,16/08/2026,17:29:48,54.00,2:02,7:22,000:47,11:07,002:36,023:54,1.43,1.97,3.40,23.91,13.13,26.97,11.61,
60907,16/08/2026,18:55:55,55.50,1:29,7:43,000:18,7:55,000:00,017:25,1.65,1.58,3.23,23.14,13.89,25.55,14.44,
60907,16/08/2026,19:13:20,62.00,2:04,7:16,000:19,7:25,000:01,017:05,1.70,1.60,3.30,23.31,14.47,27.35,13.81,
60907,16/08/2026,19:30:25,57.00,2:00,7:49,000:15,7:25,002:29,019:58,1.65,1.60,3.25,21.88,13.07,25.88,13.89,
60907,16/08/2026,19:50:23,50.50,1:34,5:16,024:18,11:49,000:31,091:28,1.33,12.19,13.52,25.55,15.72,39.50,13.61,
60907,21/08/2026,10:31:25,68.00,1:00,7:49,000:16,8:20,000:03,017:28,1.54,1.50,3.04,20.84,13.22,18.65,12.27,
60907,21/08/2026,19:09:38,58.00,1:51,8:55,000:22,7:55,000:01,019:04,1.55,1.50,3.05,18.60,11.99,18.71,11.87,
60907,21/08/2026,19:28:42,54.50,2:02,8:04,000:15,8:16,000:01,018:38,1.57,1.51,3.08,18.32,12.17,17.01,11.25,
60907,21/08/2026,19:47:20,52.00,0:56,7:02,000:18,9:41,000:00,017:57,1.55,1.91,3.46,25.27,13.86,28.28,12.62,
60907,22/08/2026,08:50:19,63.00,2:05,7:15,000:14,8:18,000:14,018:06,1.53,1.47,3.00,26.64,13.71,21.61,10.95,
60907,22/08/2026,09:08:25,65.50,2:47,6:40,000:24,15:40,005:07,030:38,1.52,1.97,3.49,25.49,15.37,41.69,11.41,
60907,22/08/2026,10:47:22,56.50,1:31,7:50,000:15,9:30,000:59,020:05,1.77,1.70,3.47,27.46,14.00,22.92,11.26,
60907,22/08/2026,11:07:27,62.00,1:46,7:30,000:15,8:21,000:00,017:52,1.75,1.71,3.46,29.76,14.46,26.15,12.63,
60907,22/08/2026,11:25:19,64.00,1:22,9:03,000:15,11:54,001:27,024:01,1.75,1.71,3.46,21.00,11.99,21.33,8.87,
60907,22/08/2026,11:49:20,61.50,1:24,9:30,000:19,14:22,004:10,089:45,1.77,16.46,18.23,24.29,11.46,41.91,14.11,
60907,23/08/2026,07:32:34,57.50,2:01,8:46,001:10,6:33,000:00,018:30,1.67,1.61,3.28,24.18,11.86,28.28,15.10,
60907,23/08/2026,07:51:04,53.00,2:11,8:27,000:20,8:44,000:38,020:20,1.81,1.75,3.56,26.80,13.74,26.92,12.99,
60907,23/08/2026,08:11:24,69.50,1:47,7:36,000:23,8:40,000:59,019:25,1.81,1.76,3.57,27.84,14.63,26.92,12.52,
60907,23/08/2026,08:30:49,66.50,1:56,8:15,000:19,9:31,000:00,020:01,1.81,1.76,3.57,23.69,13.51,23.14,12.52,
60907,23/08/2026,08:50:50,66.00,1:46,8:41,000:20,8:42,000:00,019:29,1.81,1.76,3.57,21.88,13.11,25.71,12.76,
60907,23/08/2026,09:10:19,68.00,1:45,10:07,000:24,17:13,003:23,032:52,1.82,2.21,4.03,18.87,11.20,18.38,8.60,
60907,23/08/2026,10:48:27,62.50,1:57,9:09,000:22,7:24,000:00,018:52,1.81,1.77,3.58,19.47,12.22,24.56,14.55,
60907,23/08/2026,11:07:19,60.00,1:47,8:35,000:25,7:48,000:00,018:35,1.80,1.77,3.57,24.78,13.32,26.04,14.03,
60907,23/08/2026,11:25:54,57.00,2:08,8:17,000:33,6:40,000:00,017:38,1.81,1.76,3.57,26.26,13.64,27.41,16.10,
60907,23/08/2026,11:43:32,58.00,2:14,8:32,000:24,15:53,031:18,058:21,1.81,2.16,3.97,22.10,13.04,35.18,9.70,
60907,23/08/2026,16:10:55,64.00,2:08,7:49,000:17,7:29,001:20,019:03,1.73,1.68,3.41,23.09,13.85,27.57,14.53,
60907,23/08/2026,16:29:58,69.50,2:21,7:52,000:19,7:10,002:52,020:34,1.72,1.68,3.40,20.62,13.65,26.92,14.63,
60907,23/08/2026,16:50:32,69.00,2:17,8:03,000:20,7:23,000:00,018:03,1.72,1.68,3.40,22.70,13.47,27.96,14.91,
60907,23/08/2026,17:08:35,63.00,1:59,8:36,000:26,15:58,003:55,030:54,1.73,2.16,3.89,19.96,12.56,23.09,9.39,
60907,23/08/2026,18:40:59,67.00,1:52,10:32,000:19,8:48,000:00,021:31,1.74,1.70,3.44,16.30,10.51,19.64,12.52,
60907,23/08/2026,19:02:30,64.50,2:14,9:45,000:19,8:19,000:00,020:37,1.74,1.71,3.45,17.89,11.21,23.14,12.71,
60907,23/08/2026,19:23:07,67.50,2:52,8:35,000:20,7:17,000:01,019:05,1.74,1.69,3.43,19.04,11.96,30.36,15.43,
60907,23/08/2026,19:42:12,58.00,2:06,7:47,000:17,17:55,025:03,053:08,1.73,2.23,3.96,21.94,13.67,28.72,10.02,
60907,25/08/2026,15:41:13,66.00,1:26,7:08,000:16,6:17,000:00,015:07,1.57,1.50,3.07,28.23,14.63,32.11,16.04,
60907,25/08/2026,15:56:20,69.50,1:44,7:56,000:18,9:30,000:00,019:28,1.77,1.82,3.59,28.61,16.21,23.58,12.63,
60907,25/08/2026,16:15:48,55.00,1:15,8:19,000:29,7:03,000:00,017:06,1.84,1.80,3.64,27.08,14.62,30.25,15.75,
60907,25/08/2026,16:32:54,58.00,1:41,8:03,000:16,7:17,000:00,017:17,1.84,1.76,3.60,22.92,14.29,26.37,15.05,
60907,25/08/2026,16:50:11,64.00,1:55,8:39,000:16,8:22,000:01,019:13,1.81,1.81,3.62,28.34,14.31,28.23,14.21,
60907,25/08/2026,17:09:24,58.50,1:50,8:57,000:19,14:17,000:00,025:23,1.86,2.11,3.97,23.41,13.90,21.61,10.95,
60907,25/08/2026,18:40:13,54.50,1:38,6:33,000:15,8:07,000:01,016:34,1.78,1.80,3.58,26.97,16.89,25.88,13.76,
60907,25/08/2026,18:56:47,65.00,1:21,8:50,000:15,7:32,000:00,017:58,1.85,1.73,3.58,25.05,13.05,24.56,14.08,
60907,25/08/2026,19:14:45,60.50,1:35,7:35,000:16,7:30,000:01,016:57,1.81,1.75,3.56,27.63,15.06,28.12,14.49,
60907,25/08/2026,19:31:42,66.50,1:41,7:23,000:15,7:29,000:09,016:57,1.80,1.74,3.54,26.53,15.03,33.92,16.01,
60907,25/08/2026,19:48:39,48.00,1:27,5:11,001:15,6:51,000:02,014:46,1.68,1.45,3.13,33.70,20.07,48.47,15.88,
60907,25/08/2026,23:03:13,53.50,1:15,8:44,000:24,6:29,000:00,016:52,1.24,1.18,2.42,19.58,9.99,18.49,11.97,
60907,25/08/2026,23:20:05,46.00,1:28,10:51,026:15,7:26,000:00,046:00,1.45,1.45,2.90,20.62,10.75,19.42,12.64,
60907,26/08/2026,00:06:05,45.50,4:27,8:30,000:35,8:09,000:00,021:41,1.47,1.50,2.97,19.64,12.43,18.87,12.41,
60907,26/08/2026,00:27:46,47.00,1:20,9:18,000:19,7:52,000:03,018:52,1.46,1.48,2.94,16.74,10.25,21.94,12.74,
60907,26/08/2026,00:46:38,44.50,2:14,7:29,000:41,9:10,000:00,019:34,1.47,1.41,2.88,28.67,12.51,18.16,10.91,
60907,26/08/2026,01:06:12,53.00,2:03,7:31,000:19,8:41,000:00,018:34,1.46,1.49,2.95,19.36,12.09,23.03,12.26,
60907,26/08/2026,02:51:35,56.00,2:01,8:02,000:28,9:19,000:42,020:32,1.46,1.44,2.90,18.00,11.34,19.09,9.95,
60907,26/08/2026,03:12:07,50.00,1:59,7:56,000:39,8:29,001:39,020:42,1.45,1.42,2.87,20.51,11.35,21.61,11.14,
60907,26/08/2026,03:32:49,52.50,2:32,7:11,001:32,3:21,030:15,8:51,1.48,16.92,18.40,27.35,13.16,33.86,12.49,
60907,26/08/2026,15:24:19,57.50,1:24,10:03,003:40,6:21,000:00,021:28,1.60,1.56,3.16,33.32,13.66,27.30,15.78,
60907,26/08/2026,15:45:47,57.50,1:28,10:11,003:31,6:14,000:00,021:24,1.61,1.56,3.17,31.46,11.27,40.65,17.13,
60907,26/08/2026,16:07:11,56.00,2:15,9:18,000:16,4:57,002:00,018:46,1.71,1.46,3.17,30.20,13.15,44.10,19.23,
60907,26/08/2026,16:25:57,63.50,11:53,6:24,000:19,5:23,000:00,023:59,1.32,1.25,2.57,25.93,13.41,32.50,14.74,
60907,26/08/2026,16:49:56,59.50,4:45,6:33,000:25,5:26,000:00,017:09,1.29,1.25,2.54,25.11,12.22,28.39,14.50,
60907,26/08/2026,17:07:05,62.00,3:12,6:18,000:28,5:45,000:51,016:34,1.29,1.24,2.53,24.95,13.74,27.30,14.59,
60907,26/08/2026,17:23:39,50.00,3:23,5:22,000:18,8:26,000:00,017:29,1.23,1.45,2.68,29.43,14.61,33.59,12.18,
60907,26/08/2026,18:40:34,43.50,3:29,6:52,000:19,6:03,000:00,016:43,1.32,1.32,2.64,22.15,12.74,27.84,13.62,
60907,26/08/2026,18:57:17,56.00,2:52,7:44,000:22,6:36,000:00,017:34,1.30,1.29,2.59,24.62,12.14,32.66,12.59,
60907,26/08/2026,19:14:51,45.50,4:01,9:36,000:28,6:56,000:01,021:02,1.39,1.37,2.76,20.95,9.95,23.85,12.32,
60907,26/08/2026,19:35:53,48.00,3:54,7:33,000:17,12:22,000:29,024:35,1.11,1.97,3.08,19.09,9.66,32.28,10.54,
60907,27/08/2026,07:48:17,64.50,1:58,7:31,000:31,7:35,000:00,017:35,1.69,1.67,3.36,24.89,13.93,22.97,13.62,
60907,27/08/2026,08:05:52,61.00,1:48,7:58,002:08,7:13,000:00,019:07,1.69,1.67,3.36,25.60,13.57,27.08,14.61,
60907,27/08/2026,08:24:59,62.00,1:34,7:51,000:29,7:07,000:29,017:30,1.71,1.69,3.40,21.55,13.61,27.46,14.89,
60907,27/08/2026,08:42:29,67.50,1:51,7:36,000:48,7:51,000:00,018:06,1.70,1.67,3.37,26.86,13.89,23.25,13.24,
60907,27/08/2026,09:00:35,67.50,2:20,7:52,000:30,7:05,000:02,017:49,1.71,1.71,3.42,27.14,13.84,29.27,15.11,
60907,27/08/2026,09:18:24,64.50,1:18,8:20,000:16,12:35,004:45,027:14,1.72,2.10,3.82,22.76,13.30,27.63,11.14,
60907,27/08/2026,10:39:42,62.00,1:29,1:34,000:40,3:44,002:22,009:49,0.22,0.25,0.47,18.93,10.10,13.62,6.21,
60907,27/08/2026,10:49:31,63.50,1:35,6:56,000:54,7:08,000:00,016:33,1.72,1.68,3.40,27.41,15.76,26.04,14.63,
60907,27/08/2026,11:06:04,54.00,1:29,6:32,000:19,7:05,000:00,015:25,1.69,1.72,3.41,26.31,15.98,25.60,15.33,
60907,27/08/2026,11:21:29,60.00,1:40,9:12,001:23,8:42,001:26,022:23,1.73,1.70,3.43,22.70,12.30,20.73,12.36,
60907,27/08/2026,11:43:52,66.50,1:11,8:02,000:22,12:36,009:27,031:38,1.71,2.01,3.72,21.28,13.39,31.46,12.05,
60907,27/08/2026,15:18:36,60.00,1:40,6:49,000:17,6:11,000:00,014:57,1.67,1.62,3.29,24.29,15.24,28.01,16.30,
60907,27/08/2026,15:33:33,51.00,1:36,6:17,000:20,7:50,002:41,018:44,1.68,1.62,3.30,26.80,16.94,30.91,14.20,
60907,27/08/2026,15:52:17,62.50,2:17,6:26,000:18,6:25,000:00,015:26,1.67,1.61,3.28,23.63,16.30,25.82,15.62,
60907,27/08/2026,16:07:43,69.00,1:30,7:00,000:33,6:33,002:32,018:08,1.67,1.62,3.29,24.84,14.79,28.45,15.66,
60907,27/08/2026,16:25:51,63.00,1:45,6:01,000:20,6:00,000:00,014:06,1.68,1.63,3.31,26.86,17.38,30.47,16.90,
60907,27/08/2026,16:39:57,62.50,1:35,6:07,000:17,5:50,000:00,013:49,1.67,1.60,3.27,27.35,17.07,25.66,17.09,
60907,27/08/2026,16:53:46,60.00,1:48,5:51,000:51,7:01,000:25,015:56,1.68,1.63,3.31,30.09,17.71,33.86,17.42,
60907,27/08/2026,17:09:42,68.00,1:05,7:22,000:35,10:16,003:25,022:43,1.68,2.06,3.74,23.19,14.21,31.13,13.37,
60907,27/08/2026,18:37:47,58.00,1:19,6:41,000:20,7:06,000:01,015:27,1.69,1.62,3.31,27.63,15.75,34.03,15.76,
60907,27/08/2026,18:53:42,57.50,1:33,6:58,000:21,6:49,002:33,018:14,1.68,1.63,3.31,26.48,16.23,32.22,16.56,
60907,27/08/2026,19:13:07,62.00,1:27,7:54,000:18,9:01,001:12,019:52,1.69,1.63,3.32,21.50,13.29,27.46,12.06,
60907,27/08/2026,19:32:59,58.00,1:18,9:10,000:37,7:18,011:25,089:48,1.68,15.95,17.63,18.65,12.01,40.65,14.91,
60907,28/08/2026,15:14:20,66.50,1:29,10:14,021:22,6:13,000:00,039:18,1.66,1.63,3.29,18.21,11.12,27.24,16.19,
60907,28/08/2026,15:53:38,67.00,1:48,6:41,000:17,6:18,000:00,015:04,1.70,1.64,3.34,24.40,15.83,26.92,16.11,
60907,28/08/2026,16:08:42,63.00,1:50,6:49,000:16,6:12,000:00,015:07,1.69,1.63,3.32,25.05,15.49,27.19,16.53,
60907,28/08/2026,16:23:49,60.50,1:21,6:43,000:16,6:00,000:00,014:20,1.71,1.63,3.34,25.11,15.92,29.87,16.98,
60907,28/08/2026,16:38:09,69.50,1:43,6:31,000:18,7:49,006:02,022:23,1.71,1.64,3.35,26.75,16.30,25.98,13.75,
60907,28/08/2026,17:00:32,71.00,1:46,7:19,000:30,6:54,000:09,016:38,1.71,1.65,3.36,25.82,14.67,32.17,16.06,
60907,28/08/2026,17:17:39,71.00,1:44,6:41,000:25,11:37,001:19,021:46,1.69,2.14,3.83,27.46,15.82,31.89,10.60,
60907,28/08/2026,18:43:55,57.00,1:37,8:23,000:20,6:57,000:00,017:17,1.70,1.62,3.32,20.40,12.66,24.23,14.50,
60907,28/08/2026,19:01:12,66.50,2:14,9:24,000:23,6:41,000:03,018:45,1.71,1.62,3.33,19.42,11.93,27.30,15.23,
60907,28/08/2026,19:19:57,68.50,1:49,9:11,002:12,6:29,000:00,019:41,1.70,1.64,3.34,21.44,11.72,26.48,15.55,
60907,28/08/2026,19:39:38,71.00,2:16,8:26,000:49,12:11,006:03,029:45,1.72,2.12,3.84,29.16,13.33,33.43,11.35,
60907,28/08/2026,23:31:42,63.00,1:16,8:58,000:15,9:47,001:10,021:26,1.73,1.77,3.50,24.84,11.98,24.78,11.88,
60907,28/08/2026,23:53:08,58.50,0:51,8:10,002:40,9:48,001:35,023:04,1.74,1.72,3.46,18.21,13.53,20.68,11.38,
60907,29/08/2026,00:16:12,62.50,1:32,9:06,000:15,7:54,000:00,018:47,1.78,1.72,3.50,20.18,12.35,20.30,13.26,
60907,29/08/2026,00:34:59,67.50,1:42,7:56,000:14,8:53,000:00,018:45,1.77,1.71,3.48,23.79,13.82,18.49,11.88,
60907,29/08/2026,00:53:44,68.50,1:29,8:23,000:25,9:12,000:00,019:29,1.77,1.71,3.48,18.27,13.06,18.16,11.63,
60907,29/08/2026,01:13:13,63.00,1:40,9:42,000:14,13:00,002:15,026:51,1.78,2.36,4.14,18.65,11.29,27.74,11.63,
60907,29/08/2026,02:42:13,62.50,1:33,9:02,000:15,9:02,001:14,021:06,1.78,1.71,3.49,17.07,12.16,20.73,11.72,
60907,29/08/2026,03:03:19,54.00,1:23,9:45,000:15,9:56,002:17,023:36,1.78,1.69,3.47,17.67,11.41,14.16,10.62,
60907,29/08/2026,03:26:55,61.00,1:46,9:56,004:41,17:59,006:04,4:26,1.77,15.67,17.44,17.83,11.29,33.70,12.79,
60907,29/08/2026,07:28:20,58.00,2:06,7:27,001:59,7:02,001:55,020:29,1.62,1.59,3.21,22.92,14.06,27.57,14.86,
60907,29/08/2026,07:48:49,67.50,3:59,7:15,000:18,6:59,000:00,018:31,1.64,1.61,3.25,22.65,14.05,27.19,14.41,
60907,29/08/2026,08:07:20,58.50,1:56,7:54,000:25,8:48,008:47,027:50,1.67,1.57,3.24,21.77,13.14,27.90,12.59,
60907,29/08/2026,08:35:10,68.00,2:50,9:40,000:45,6:52,001:18,021:25,1.72,1.39,3.11,23.25,12.37,25.38,12.84,
60907,29/08/2026,08:56:35,53.00,1:55,7:14,000:18,6:58,000:00,016:25,1.43,1.42,2.85,25.55,13.97,27.79,13.43,
60907,29/08/2026,09:13:00,62.50,2:20,6:36,000:20,9:47,012:42,031:45,1.46,1.49,2.95,22.87,13.88,24.40,10.24,
60907,29/08/2026,10:51:11,59.00,1:44,7:32,000:24,6:05,004:20,020:05,1.48,1.45,2.93,23.36,13.39,28.45,15.03,
60907,29/08/2026,11:11:16,65.00,1:59,6:25,000:17,6:15,000:45,015:41,1.53,1.45,2.98,23.36,14.89,28.28,15.06,
60907,29/08/2026,11:26:57,65.00,4:17,7:15,000:46,5:52,000:09,018:19,1.51,1.44,2.95,22.92,13.41,28.45,15.84,
60907,29/08/2026,11:45:16,60.50,3:19,6:06,000:14,3:24,014:45,075:48,1.50,15.55,17.05,26.70,15.23,35.67,19.50,
60907,29/08/2026,15:20:46,69.50,1:37,6:23,001:20,9:04,000:02,018:26,1.50,1.47,2.97,27.74,15.36,28.78,14.90,
60907,29/08/2026,15:39:12,68.00,2:35,6:11,000:22,6:49,000:03,016:00,1.54,1.49,3.03,28.01,17.13,32.17,14.78,
60907,29/08/2026,15:55:35,69.50,2:07,6:36,000:25,6:59,000:01,016:08,1.52,1.50,3.02,26.97,15.18,33.54,4.18,
60907,29/08/2026,16:12:19,54.00,2:12,5:47,000:18,6:46,005:43,020:46,1.53,1.48,3.01,24.67,16.62,27.02,14.39,
60907,29/08/2026,16:33:05,68.00,1:53,6:19,000:18,7:06,006:27,022:03,1.53,1.49,3.02,26.26,15.24,25.22,13.58,
60907,29/08/2026,16:55:08,55.00,2:16,6:09,000:17,6:57,002:30,018:09,1.53,1.47,3.00,25.05,15.83,26.48,14.04,
60907,29/08/2026,17:13:17,57.00,1:56,7:04,9:17,2:15,021:52,19:00,1.55,16.54,18.09,22.70,13.71,34.30,12.54,
60907,30/08/2026,16:00:56,68.00,1:11,10:49,039:58,12:27,001:59,066:24,1.85,2.16,4.01,17.89,10.83,19.80,11.20,
60907,30/08/2026,17:07:31,69.00,1:48,10:25,001:06,15:10,006:17,034:46,1.83,2.15,3.98,18.00,10.75,26.04,10.47,
60907,30/08/2026,18:50:35,63.00,1:29,11:08,000:24,9:06,000:00,022:07,1.81,1.59,3.40,18.54,9.98,18.82,10.80,
60907,30/08/2026,19:12:42,43.50,2:37,12:41,000:35,8:31,001:10,025:34,1.77,1.75,3.52,18.05,9.25,19.09,12.69,
60907,30/08/2026,19:38:16,62.00,1:40,11:28,000:30,12:13,000:03,025:54,1.81,1.57,3.38,20.79,10.02,17.07,8.62,
60907,30/08/2026,20:04:10,59.50,2:19,9:26,000:20,14:08,004:53,031:06,1.65,1.98,3.63,18.65,10.97,33.70,11.96,
60907,31/08/2026,17:20:19,48.50,1:57,7:26,000:26,11:46,010:37,032:12,1.56,2.02,3.58,21.77,13.98,21.12,11.83,
60907,31/08/2026,18:52:56,47.50,1:40,8:48,000:34,8:01,000:00,019:03,1.58,1.51,3.09,16.41,11.12,19.96,12.14,
60907,31/08/2026,19:11:59,60.50,2:03,8:36,000:37,8:04,001:10,020:30,1.57,1.54,3.11,17.78,11.68,23.19,12.17,
60907,31/08/2026,19:32:29,57.00,1:57,6:51,000:26,7:16,000:43,017:13,1.56,1.52,3.08,25.33,13.97,26.26,13.33,
60907,31/08/2026,19:49:42,55.00,1:37,6:43,000:24,13:17,000:00,022:01,1.61,2.29,3.90,23.25,14.80,35.73,11.36,
60907,31/08/2026,23:52:20,59.50,2:32,9:20,011:58,5:48,000:00,029:38,1.56,1.50,3.06,22.10,11.06,28.94,16.02,
60907,01/09/2026,00:21:58,59.50,2:09,7:30,000:14,6:20,000:00,016:13,1.56,1.50,3.06,23.41,13.70,25.44,14.63,
60907,01/09/2026,00:38:11,53.50,5:38,7:40,000:16,7:08,000:03,020:45,1.57,1.49,3.06,25.16,13.45,27.08,13.74,
60907,01/09/2026,00:58:56,61.50,1:57,7:47,000:17,5:41,000:00,015:42,1.58,1.51,3.09,26.20,13.36,26.86,16.28,
60907,01/09/2026,01:14:38,58.00,2:21,8:19,000:25,5:29,000:00,016:34,1.58,1.49,3.07,27.79,13.28,31.95,17.03,
60907,01/09/2026,01:31:12,64.50,2:58,7:42,000:38,6:42,000:00,018:00,1.61,1.51,3.12,25.16,13.71,27.57,15.30,
60907,01/09/2026,01:49:12,60.50,2:12,6:50,001:47,7:51,000:03,018:43,1.56,1.49,3.05,24.34,14.43,21.94,12.94,
60907,01/09/2026,02:07:55,57.00,5:59,7:21,000:18,5:05,000:00,018:43,1.55,1.47,3.02,29.71,14.34,39.72,19.49,
60907,01/09/2026,02:26:38,57.00,1:55,3:53,000:13,9:12,006:31,045:44,1.15,8.33,9.48,32.50,19.00,39.50,16.96,
